26.437,Tuesday-10-July-2018-11-25-03AM
26.5,Tuesday-10-July-2018-11-25-15AM
26.5,Tuesday-10-July-2018-11-25-25AM
26.5,Tuesday-10-July-2018-11-25-36AM
26.562,Tuesday-10-July-2018-11-25-48AM
26.5,Tuesday-10-July-2018-11-26-00AM
26.562,Tuesday-10-July-2018-11-26-11AM
26.5,Tuesday-10-July-2018-11-26-22AM
26.5,Tuesday-10-July-2018-11-26-34AM
26.562,Tuesday-10-July-2018-11-26-45AM
26.562,Tuesday-10-July-2018-11-26-58AM
26.562,Tuesday-10-July-2018-11-27-10AM
26.562,Tuesday-10-July-2018-11-27-21AM
26.5,Tuesday-10-July-2018-11-27-33AM
26.562,Tuesday-10-July-2018-11-27-46AM
26.562,Tuesday-10-July-2018-11-28-00AM
26.562,Tuesday-10-July-2018-11-28-15AM
26.562,Tuesday-10-July-2018-11-28-26AM
26.562,Tuesday-10-July-2018-11-28-40AM
26.562,Tuesday-10-July-2018-11-28-52AM
26.562,Tuesday-10-July-2018-11-29-05AM
26.5,Tuesday-10-July-2018-11-29-16AM
26.5,Tuesday-10-July-2018-11-29-29AM
26.562,Tuesday-10-July-2018-11-29-39AM
26.562,Tuesday-10-July-2018-11-29-52AM
26.562,Tuesday-10-July-2018-11-30-05AM
26.562,Tuesday-10-July-2018-11-30-17AM
26.562,Tuesday-10-July-2018-11-30-27AM
26.562,Tuesday-10-July-2018-11-30-38AM
26.562,Tuesday-10-July-2018-11-30-52AM
26.562,Tuesday-10-July-2018-11-31-05AM
26.562,Tuesday-10-July-2018-11-31-20AM
26.562,Tuesday-10-July-2018-11-31-31AM
26.562,Tuesday-10-July-2018-11-31-45AM
26.562,Tuesday-10-July-2018-11-31-57AM
26.562,Tuesday-10-July-2018-11-32-10AM
26.562,Tuesday-10-July-2018-11-32-22AM
26.562,Tuesday-10-July-2018-11-32-35AM
26.5,Tuesday-10-July-2018-11-32-47AM
26.5,Tuesday-10-July-2018-11-32-59AM
26.562,Tuesday-10-July-2018-11-33-10AM
26.5,Tuesday-10-July-2018-11-33-23AM
26.562,Tuesday-10-July-2018-11-33-35AM
26.562,Tuesday-10-July-2018-11-33-45AM
26.562,Tuesday-10-July-2018-11-33-57AM
26.5,Tuesday-10-July-2018-11-34-08AM
26.562,Tuesday-10-July-2018-11-34-21AM
26.562,Tuesday-10-July-2018-11-34-31AM
26.562,Tuesday-10-July-2018-11-34-42AM
26.5,Tuesday-10-July-2018-11-34-53AM
26.5,Tuesday-10-July-2018-11-35-04AM
26.562,Tuesday-10-July-2018-11-35-16AM
26.5,Tuesday-10-July-2018-11-35-27AM
26.562,Tuesday-10-July-2018-11-35-41AM
26.562,Tuesday-10-July-2018-11-35-52AM
26.562,Tuesday-10-July-2018-11-36-04AM
26.562,Tuesday-10-July-2018-11-36-16AM
26.562,Tuesday-10-July-2018-11-36-30AM
26.562,Tuesday-10-July-2018-11-36-43AM
26.625,Tuesday-10-July-2018-11-36-54AM
26.625,Tuesday-10-July-2018-11-37-05AM
26.625,Tuesday-10-July-2018-11-37-18AM
26.625,Tuesday-10-July-2018-11-37-29AM
26.625,Tuesday-10-July-2018-11-37-39AM
26.625,Tuesday-10-July-2018-11-37-52AM
26.625,Tuesday-10-July-2018-11-38-05AM
26.687,Tuesday-10-July-2018-11-38-17AM
26.687,Tuesday-10-July-2018-11-38-32AM
26.687,Tuesday-10-July-2018-11-38-43AM
26.687,Tuesday-10-July-2018-11-38-56AM
26.687,Tuesday-10-July-2018-11-39-11AM
26.687,Tuesday-10-July-2018-11-39-25AM
26.687,Tuesday-10-July-2018-11-39-39AM
26.687,Tuesday-10-July-2018-11-39-50AM
26.687,Tuesday-10-July-2018-11-40-01AM
26.75,Tuesday-10-July-2018-11-40-11AM
26.75,Tuesday-10-July-2018-11-40-21AM
26.75,Tuesday-10-July-2018-11-40-36AM
26.75,Tuesday-10-July-2018-11-40-47AM
26.75,Tuesday-10-July-2018-11-41-00AM
26.75,Tuesday-10-July-2018-11-41-10AM
26.75,Tuesday-10-July-2018-11-41-22AM
26.75,Tuesday-10-July-2018-11-41-32AM
26.687,Tuesday-10-July-2018-11-41-45AM
26.75,Tuesday-10-July-2018-11-41-58AM
26.75,Tuesday-10-July-2018-11-42-13AM
26.75,Tuesday-10-July-2018-11-42-26AM
26.75,Tuesday-10-July-2018-11-42-39AM
26.75,Tuesday-10-July-2018-11-42-49AM
26.75,Tuesday-10-July-2018-11-43-00AM
26.687,Tuesday-10-July-2018-11-43-13AM
26.75,Tuesday-10-July-2018-11-43-26AM
26.75,Tuesday-10-July-2018-11-43-39AM
26.75,Tuesday-10-July-2018-11-43-48AM
26.687,Tuesday-10-July-2018-11-44-00AM
26.75,Tuesday-10-July-2018-11-44-12AM
26.75,Tuesday-10-July-2018-11-44-24AM
26.687,Tuesday-10-July-2018-11-44-35AM
26.687,Tuesday-10-July-2018-11-44-48AM
26.687,Tuesday-10-July-2018-11-44-59AM
26.687,Tuesday-10-July-2018-11-45-11AM
26.687,Tuesday-10-July-2018-11-45-25AM
26.687,Tuesday-10-July-2018-11-45-35AM
26.687,Tuesday-10-July-2018-11-45-46AM
26.687,Tuesday-10-July-2018-11-46-00AM
26.687,Tuesday-10-July-2018-11-46-11AM
26.687,Tuesday-10-July-2018-11-46-24AM
26.687,Tuesday-10-July-2018-11-46-37AM
26.687,Tuesday-10-July-2018-11-46-48AM
26.687,Tuesday-10-July-2018-11-47-01AM
26.687,Tuesday-10-July-2018-11-47-16AM
26.687,Tuesday-10-July-2018-11-47-29AM
26.687,Tuesday-10-July-2018-11-47-41AM
26.687,Tuesday-10-July-2018-11-47-52AM
26.812,Tuesday-10-July-2018-11-48-04AM
26.75,Tuesday-10-July-2018-11-48-16AM
26.75,Tuesday-10-July-2018-11-48-27AM
26.812,Tuesday-10-July-2018-11-48-37AM
26.812,Tuesday-10-July-2018-11-48-49AM
26.75,Tuesday-10-July-2018-11-49-00AM
26.75,Tuesday-10-July-2018-11-49-13AM
26.75,Tuesday-10-July-2018-11-49-25AM
26.812,Tuesday-10-July-2018-11-49-40AM
26.75,Tuesday-10-July-2018-11-49-50AM
26.812,Tuesday-10-July-2018-11-50-00AM
26.812,Tuesday-10-July-2018-11-50-12AM
26.812,Tuesday-10-July-2018-11-50-24AM
26.812,Tuesday-10-July-2018-11-50-37AM
26.75,Tuesday-10-July-2018-11-50-49AM
26.75,Tuesday-10-July-2018-11-51-04AM
26.812,Tuesday-10-July-2018-11-51-15AM
26.75,Tuesday-10-July-2018-11-51-30AM
26.812,Tuesday-10-July-2018-11-51-44AM
26.75,Tuesday-10-July-2018-11-51-54AM
26.75,Tuesday-10-July-2018-11-52-07AM
26.75,Tuesday-10-July-2018-11-52-19AM
26.75,Tuesday-10-July-2018-11-53-04AM
26.75,Tuesday-10-July-2018-11-53-16AM
26.75,Tuesday-10-July-2018-11-53-30AM
26.812,Tuesday-10-July-2018-11-53-44AM
26.812,Tuesday-10-July-2018-11-53-55AM
26.812,Tuesday-10-July-2018-11-54-06AM
26.812,Tuesday-10-July-2018-11-54-18AM
26.812,Tuesday-10-July-2018-11-54-29AM
26.812,Tuesday-10-July-2018-11-54-42AM
26.812,Tuesday-10-July-2018-11-54-54AM
26.812,Tuesday-10-July-2018-11-55-08AM
26.812,Tuesday-10-July-2018-11-55-22AM
26.812,Tuesday-10-July-2018-11-55-32AM
26.812,Tuesday-10-July-2018-11-55-43AM
26.812,Tuesday-10-July-2018-11-55-54AM
26.812,Tuesday-10-July-2018-11-56-04AM
26.812,Tuesday-10-July-2018-11-56-16AM
26.812,Tuesday-10-July-2018-11-56-27AM
26.812,Tuesday-10-July-2018-11-56-41AM
26.812,Tuesday-10-July-2018-11-56-53AM
26.812,Tuesday-10-July-2018-11-57-07AM
26.812,Tuesday-10-July-2018-11-57-20AM
26.812,Tuesday-10-July-2018-11-57-31AM
26.875,Tuesday-10-July-2018-11-57-42AM
26.812,Tuesday-10-July-2018-11-57-54AM
26.812,Tuesday-10-July-2018-11-58-07AM
26.812,Tuesday-10-July-2018-11-58-19AM
26.812,Tuesday-10-July-2018-11-58-33AM
26.812,Tuesday-10-July-2018-11-58-43AM
26.812,Tuesday-10-July-2018-11-58-55AM
26.812,Tuesday-10-July-2018-11-59-10AM
26.812,Tuesday-10-July-2018-11-59-21AM
26.812,Tuesday-10-July-2018-11-59-34AM
26.812,Tuesday-10-July-2018-11-59-45AM
26.812,Tuesday-10-July-2018-11-59-58AM
26.812,Tuesday-10-July-2018-12-00-10PM
26.812,Tuesday-10-July-2018-12-00-22PM
26.875,Tuesday-10-July-2018-12-00-35PM
26.875,Tuesday-10-July-2018-12-00-46PM
26.875,Tuesday-10-July-2018-12-00-58PM
26.875,Tuesday-10-July-2018-12-01-08PM
26.812,Tuesday-10-July-2018-12-01-22PM
26.875,Tuesday-10-July-2018-12-01-33PM
26.812,Tuesday-10-July-2018-12-01-43PM
26.812,Tuesday-10-July-2018-12-01-55PM
26.875,Tuesday-10-July-2018-12-02-06PM
26.812,Tuesday-10-July-2018-12-02-18PM
26.812,Tuesday-10-July-2018-12-02-31PM
26.812,Tuesday-10-July-2018-12-02-42PM
26.812,Tuesday-10-July-2018-12-02-54PM
26.812,Tuesday-10-July-2018-12-03-06PM
26.812,Tuesday-10-July-2018-12-03-19PM
26.812,Tuesday-10-July-2018-12-03-31PM
26.812,Tuesday-10-July-2018-12-03-42PM
26.812,Tuesday-10-July-2018-12-03-53PM
26.812,Tuesday-10-July-2018-12-04-07PM
26.812,Tuesday-10-July-2018-12-04-19PM
26.812,Tuesday-10-July-2018-12-04-32PM
26.812,Tuesday-10-July-2018-12-04-44PM
26.812,Tuesday-10-July-2018-12-04-58PM
26.812,Tuesday-10-July-2018-12-05-09PM
26.812,Tuesday-10-July-2018-12-05-21PM
26.812,Tuesday-10-July-2018-12-05-35PM
26.875,Tuesday-10-July-2018-12-05-48PM
26.937,Tuesday-10-July-2018-12-06-03PM
26.875,Tuesday-10-July-2018-12-06-15PM
26.875,Tuesday-10-July-2018-12-06-28PM
26.875,Tuesday-10-July-2018-12-06-42PM
26.875,Tuesday-10-July-2018-12-06-55PM
26.875,Tuesday-10-July-2018-12-07-08PM
26.875,Tuesday-10-July-2018-12-07-20PM
26.875,Tuesday-10-July-2018-12-07-36PM
26.875,Tuesday-10-July-2018-12-07-50PM
26.812,Tuesday-10-July-2018-12-08-03PM
26.812,Tuesday-10-July-2018-12-08-17PM
26.812,Tuesday-10-July-2018-12-08-28PM
26.812,Tuesday-10-July-2018-12-08-40PM
26.812,Tuesday-10-July-2018-12-08-52PM
26.812,Tuesday-10-July-2018-12-09-07PM
26.812,Tuesday-10-July-2018-12-09-20PM
26.812,Tuesday-10-July-2018-12-09-31PM
26.812,Tuesday-10-July-2018-12-09-43PM
26.812,Tuesday-10-July-2018-12-09-55PM
26.812,Tuesday-10-July-2018-12-10-09PM
26.812,Tuesday-10-July-2018-12-10-22PM
26.812,Tuesday-10-July-2018-12-10-33PM
26.75,Tuesday-10-July-2018-12-10-45PM
26.812,Tuesday-10-July-2018-12-10-58PM
26.812,Tuesday-10-July-2018-12-11-09PM
26.812,Tuesday-10-July-2018-12-11-21PM
26.75,Tuesday-10-July-2018-12-11-31PM
26.75,Tuesday-10-July-2018-12-11-43PM
26.812,Tuesday-10-July-2018-12-11-56PM
26.75,Tuesday-10-July-2018-12-12-10PM
26.75,Tuesday-10-July-2018-12-12-23PM
26.75,Tuesday-10-July-2018-12-12-35PM
26.75,Tuesday-10-July-2018-12-12-51PM
26.75,Tuesday-10-July-2018-12-13-03PM
26.75,Tuesday-10-July-2018-12-13-16PM
26.75,Tuesday-10-July-2018-12-13-28PM
26.75,Tuesday-10-July-2018-12-13-40PM
26.812,Tuesday-10-July-2018-12-13-51PM
26.812,Tuesday-10-July-2018-12-14-05PM
26.75,Tuesday-10-July-2018-12-14-19PM
26.812,Tuesday-10-July-2018-12-14-31PM
26.812,Tuesday-10-July-2018-12-14-41PM
26.812,Tuesday-10-July-2018-12-14-57PM
26.812,Tuesday-10-July-2018-12-15-09PM
26.812,Tuesday-10-July-2018-12-15-20PM
26.812,Tuesday-10-July-2018-12-15-32PM
26.812,Tuesday-10-July-2018-12-15-47PM
26.812,Tuesday-10-July-2018-12-15-58PM
26.812,Tuesday-10-July-2018-12-16-11PM
26.812,Tuesday-10-July-2018-12-16-23PM
26.812,Tuesday-10-July-2018-12-16-34PM
26.812,Tuesday-10-July-2018-12-16-45PM
26.812,Tuesday-10-July-2018-12-16-56PM
26.812,Tuesday-10-July-2018-12-17-10PM
26.812,Tuesday-10-July-2018-12-17-23PM
26.75,Tuesday-10-July-2018-12-17-38PM
26.812,Tuesday-10-July-2018-12-17-48PM
26.812,Tuesday-10-July-2018-12-18-00PM
26.812,Tuesday-10-July-2018-12-18-13PM
26.812,Tuesday-10-July-2018-12-18-24PM
26.75,Tuesday-10-July-2018-12-18-36PM
26.75,Tuesday-10-July-2018-12-18-49PM
26.75,Tuesday-10-July-2018-12-19-00PM
26.75,Tuesday-10-July-2018-12-19-12PM
26.75,Tuesday-10-July-2018-12-19-23PM
26.75,Tuesday-10-July-2018-12-19-39PM
26.75,Tuesday-10-July-2018-12-19-50PM
26.75,Tuesday-10-July-2018-12-20-02PM
26.75,Tuesday-10-July-2018-12-20-15PM
26.75,Tuesday-10-July-2018-12-20-27PM
26.75,Tuesday-10-July-2018-12-20-41PM
26.75,Tuesday-10-July-2018-12-20-52PM
26.75,Tuesday-10-July-2018-12-21-04PM
26.812,Tuesday-10-July-2018-12-21-16PM
26.812,Tuesday-10-July-2018-12-21-26PM
26.875,Tuesday-10-July-2018-12-21-38PM
26.812,Tuesday-10-July-2018-12-21-49PM
26.812,Tuesday-10-July-2018-12-22-02PM
26.875,Tuesday-10-July-2018-12-22-16PM
26.937,Tuesday-10-July-2018-12-22-27PM
26.937,Tuesday-10-July-2018-12-22-38PM
26.937,Tuesday-10-July-2018-12-22-52PM
26.937,Tuesday-10-July-2018-12-23-05PM
26.937,Tuesday-10-July-2018-12-23-19PM
26.937,Tuesday-10-July-2018-12-23-34PM
26.937,Tuesday-10-July-2018-12-23-47PM
26.875,Tuesday-10-July-2018-12-24-00PM
26.875,Tuesday-10-July-2018-12-24-12PM
26.875,Tuesday-10-July-2018-12-24-23PM
26.875,Tuesday-10-July-2018-12-24-34PM
26.875,Tuesday-10-July-2018-12-24-47PM
26.875,Tuesday-10-July-2018-12-25-01PM
26.875,Tuesday-10-July-2018-12-25-11PM
26.875,Tuesday-10-July-2018-12-25-22PM
26.812,Tuesday-10-July-2018-12-25-32PM
26.875,Tuesday-10-July-2018-12-25-45PM
26.812,Tuesday-10-July-2018-12-25-57PM
26.75,Tuesday-10-July-2018-12-26-09PM
26.812,Tuesday-10-July-2018-12-26-20PM
26.812,Tuesday-10-July-2018-12-26-31PM
26.812,Tuesday-10-July-2018-12-26-44PM
26.812,Tuesday-10-July-2018-12-26-56PM
26.812,Tuesday-10-July-2018-12-27-09PM
26.812,Tuesday-10-July-2018-12-27-20PM
26.75,Tuesday-10-July-2018-12-27-33PM
26.812,Tuesday-10-July-2018-12-27-44PM
26.812,Tuesday-10-July-2018-12-27-57PM
26.812,Tuesday-10-July-2018-12-28-10PM
26.812,Tuesday-10-July-2018-12-28-24PM
26.812,Tuesday-10-July-2018-12-28-36PM
26.812,Tuesday-10-July-2018-12-28-48PM
26.812,Tuesday-10-July-2018-12-28-59PM
26.875,Tuesday-10-July-2018-12-29-12PM
26.875,Tuesday-10-July-2018-12-29-24PM
26.875,Tuesday-10-July-2018-12-29-34PM
26.875,Tuesday-10-July-2018-12-29-46PM
26.875,Tuesday-10-July-2018-12-29-58PM
26.875,Tuesday-10-July-2018-12-30-09PM
26.875,Tuesday-10-July-2018-12-30-21PM
26.875,Tuesday-10-July-2018-12-30-34PM
26.875,Tuesday-10-July-2018-12-30-45PM
26.875,Tuesday-10-July-2018-12-30-58PM
26.875,Tuesday-10-July-2018-12-31-09PM
26.875,Tuesday-10-July-2018-12-31-19PM
26.875,Tuesday-10-July-2018-12-31-31PM
26.875,Tuesday-10-July-2018-12-31-42PM
26.937,Tuesday-10-July-2018-12-31-52PM
26.937,Tuesday-10-July-2018-12-32-02PM
26.937,Tuesday-10-July-2018-12-32-14PM
26.937,Tuesday-10-July-2018-12-32-25PM
26.937,Tuesday-10-July-2018-12-32-36PM
26.937,Tuesday-10-July-2018-12-32-50PM
26.937,Tuesday-10-July-2018-12-33-01PM
26.937,Tuesday-10-July-2018-12-33-11PM
26.937,Tuesday-10-July-2018-12-33-23PM
26.937,Tuesday-10-July-2018-12-33-33PM
26.937,Tuesday-10-July-2018-12-33-48PM
26.937,Tuesday-10-July-2018-12-34-00PM
26.937,Tuesday-10-July-2018-12-34-12PM
26.937,Tuesday-10-July-2018-12-34-23PM
27.0,Tuesday-10-July-2018-12-34-35PM
27.0,Tuesday-10-July-2018-12-34-45PM
27.0,Tuesday-10-July-2018-12-34-56PM
27.0,Tuesday-10-July-2018-12-35-08PM
27.0,Tuesday-10-July-2018-12-35-23PM
27.0,Tuesday-10-July-2018-12-35-33PM
27.0,Tuesday-10-July-2018-12-35-46PM
27.0,Tuesday-10-July-2018-12-35-57PM
27.0,Tuesday-10-July-2018-12-36-08PM
27.0,Tuesday-10-July-2018-12-36-21PM
27.0,Tuesday-10-July-2018-12-36-35PM
27.0,Tuesday-10-July-2018-12-36-46PM
27.0,Tuesday-10-July-2018-12-36-58PM
27.0,Tuesday-10-July-2018-12-37-12PM
27.0,Tuesday-10-July-2018-12-37-23PM
27.0,Tuesday-10-July-2018-12-37-37PM
27.0,Tuesday-10-July-2018-12-37-48PM
27.0,Tuesday-10-July-2018-12-37-59PM
26.937,Tuesday-10-July-2018-12-38-10PM
27.0,Tuesday-10-July-2018-12-38-22PM
27.0,Tuesday-10-July-2018-12-38-35PM
27.0,Tuesday-10-July-2018-12-38-46PM
27.0,Tuesday-10-July-2018-12-38-57PM
27.0,Tuesday-10-July-2018-12-39-09PM
26.937,Tuesday-10-July-2018-12-39-19PM
27.0,Tuesday-10-July-2018-12-39-31PM
27.0,Tuesday-10-July-2018-12-39-44PM
27.062,Tuesday-10-July-2018-12-39-55PM
27.062,Tuesday-10-July-2018-12-40-08PM
27.0,Tuesday-10-July-2018-12-40-20PM
27.0,Tuesday-10-July-2018-12-40-32PM
27.0,Tuesday-10-July-2018-12-40-45PM
27.0,Tuesday-10-July-2018-12-40-56PM
27.0,Tuesday-10-July-2018-12-41-08PM
27.062,Tuesday-10-July-2018-12-41-21PM
27.062,Tuesday-10-July-2018-12-41-34PM
27.062,Tuesday-10-July-2018-12-41-46PM
27.062,Tuesday-10-July-2018-12-41-58PM
27.062,Tuesday-10-July-2018-12-42-10PM
27.062,Tuesday-10-July-2018-12-42-20PM
27.062,Tuesday-10-July-2018-12-42-30PM
27.125,Tuesday-10-July-2018-12-42-42PM
27.062,Tuesday-10-July-2018-12-42-53PM
27.062,Tuesday-10-July-2018-12-43-03PM
27.062,Tuesday-10-July-2018-12-43-14PM
27.062,Tuesday-10-July-2018-12-43-26PM
27.062,Tuesday-10-July-2018-12-43-36PM
27.062,Tuesday-10-July-2018-12-43-48PM
27.062,Tuesday-10-July-2018-12-44-02PM
27.062,Tuesday-10-July-2018-12-44-17PM
27.062,Tuesday-10-July-2018-12-44-28PM
27.062,Tuesday-10-July-2018-12-44-40PM
27.0,Tuesday-10-July-2018-12-44-52PM
27.062,Tuesday-10-July-2018-12-45-03PM
27.062,Tuesday-10-July-2018-12-45-15PM
27.062,Tuesday-10-July-2018-12-45-28PM
27.062,Tuesday-10-July-2018-12-45-44PM
27.062,Tuesday-10-July-2018-12-45-54PM
27.0,Tuesday-10-July-2018-12-46-05PM
27.0,Tuesday-10-July-2018-12-46-19PM
26.625,Wednesday-11-July-2018-05-49-37AM
26.062,Wednesday-11-July-2018-06-02-45AM
26.062,Wednesday-11-July-2018-06-02-57AM
26.187,Wednesday-11-July-2018-06-18-37AM
27.687,Wednesday-11-July-2018-06-18-48AM
28.062,Wednesday-11-July-2018-06-19-01AM
28.437,Wednesday-11-July-2018-06-19-12AM
28.187,Wednesday-11-July-2018-06-19-24AM
27.875,Wednesday-11-July-2018-06-19-34AM
28.062,Wednesday-11-July-2018-06-19-45AM
27.812,Wednesday-11-July-2018-06-19-57AM
27.75,Wednesday-11-July-2018-06-20-09AM
28.187,Wednesday-11-July-2018-06-20-21AM
27.937,Wednesday-11-July-2018-06-20-31AM
28.062,Wednesday-11-July-2018-06-20-44AM
27.812,Wednesday-11-July-2018-06-20-55AM
28.25,Wednesday-11-July-2018-06-21-06AM
27.875,Wednesday-11-July-2018-06-21-18AM
27.75,Wednesday-11-July-2018-06-21-30AM
27.562,Wednesday-11-July-2018-06-21-41AM
28.187,Wednesday-11-July-2018-06-21-56AM
27.875,Wednesday-11-July-2018-06-22-07AM
27.687,Wednesday-11-July-2018-06-22-19AM
27.625,Wednesday-11-July-2018-06-22-29AM
27.437,Wednesday-11-July-2018-06-22-49AM
27.312,Wednesday-11-July-2018-06-23-01AM
27.25,Wednesday-11-July-2018-06-23-13AM
27.187,Wednesday-11-July-2018-06-23-24AM
27.125,Wednesday-11-July-2018-06-23-37AM
27.062,Wednesday-11-July-2018-06-23-47AM
27.0,Wednesday-11-July-2018-06-24-00AM
26.937,Wednesday-11-July-2018-06-24-13AM
26.937,Wednesday-11-July-2018-06-24-23AM
26.875,Wednesday-11-July-2018-06-24-35AM
26.812,Wednesday-11-July-2018-06-24-48AM
26.75,Wednesday-11-July-2018-06-24-59AM
26.75,Wednesday-11-July-2018-06-25-12AM
26.687,Wednesday-11-July-2018-06-25-29AM
26.625,Wednesday-11-July-2018-06-25-43AM
26.562,Wednesday-11-July-2018-06-25-54AM
26.562,Wednesday-11-July-2018-06-26-04AM
26.562,Wednesday-11-July-2018-06-26-17AM
26.5,Wednesday-11-July-2018-06-26-29AM
26.5,Wednesday-11-July-2018-06-26-41AM
26.437,Wednesday-11-July-2018-06-26-51AM
26.437,Wednesday-11-July-2018-06-27-05AM
26.437,Wednesday-11-July-2018-06-27-20AM
26.375,Wednesday-11-July-2018-06-27-32AM
26.375,Wednesday-11-July-2018-06-27-43AM
26.375,Wednesday-11-July-2018-06-27-56AM
26.312,Wednesday-11-July-2018-06-28-07AM
26.312,Wednesday-11-July-2018-06-28-18AM
26.312,Wednesday-11-July-2018-06-28-28AM
26.312,Wednesday-11-July-2018-06-28-42AM
26.312,Wednesday-11-July-2018-06-28-52AM
26.25,Wednesday-11-July-2018-06-29-04AM
26.312,Wednesday-11-July-2018-06-29-15AM
26.25,Wednesday-11-July-2018-06-29-25AM
26.25,Wednesday-11-July-2018-06-29-36AM
26.25,Wednesday-11-July-2018-06-29-47AM
26.25,Wednesday-11-July-2018-06-29-57AM
26.25,Wednesday-11-July-2018-06-30-08AM
26.25,Wednesday-11-July-2018-06-30-19AM
26.187,Wednesday-11-July-2018-06-30-31AM
26.187,Wednesday-11-July-2018-06-30-44AM
26.187,Wednesday-11-July-2018-06-30-55AM
26.187,Wednesday-11-July-2018-06-31-06AM
26.187,Wednesday-11-July-2018-06-31-16AM
26.187,Wednesday-11-July-2018-06-31-28AM
26.187,Wednesday-11-July-2018-06-31-41AM
26.125,Wednesday-11-July-2018-06-31-53AM
26.125,Wednesday-11-July-2018-06-32-04AM
26.125,Wednesday-11-July-2018-06-32-15AM
26.125,Wednesday-11-July-2018-06-32-27AM
26.125,Wednesday-11-July-2018-06-32-38AM
26.125,Wednesday-11-July-2018-06-32-51AM
26.125,Wednesday-11-July-2018-06-33-02AM
26.125,Wednesday-11-July-2018-06-33-13AM
26.125,Wednesday-11-July-2018-06-33-23AM
26.062,Wednesday-11-July-2018-06-33-33AM
26.062,Wednesday-11-July-2018-06-33-43AM
26.062,Wednesday-11-July-2018-06-33-57AM
26.062,Wednesday-11-July-2018-06-34-08AM
26.062,Wednesday-11-July-2018-06-34-18AM
26.062,Wednesday-11-July-2018-06-34-28AM
26.062,Wednesday-11-July-2018-06-34-39AM
26.062,Wednesday-11-July-2018-06-34-51AM
26.062,Wednesday-11-July-2018-06-35-01AM
26.062,Wednesday-11-July-2018-06-35-14AM
26.062,Wednesday-11-July-2018-06-35-26AM
26.062,Wednesday-11-July-2018-06-35-39AM
26.062,Wednesday-11-July-2018-06-35-51AM
26.062,Wednesday-11-July-2018-06-36-05AM
26.062,Wednesday-11-July-2018-06-36-16AM
26.062,Wednesday-11-July-2018-06-36-27AM
26.062,Wednesday-11-July-2018-06-36-41AM
26.062,Wednesday-11-July-2018-06-36-52AM
26.062,Wednesday-11-July-2018-06-37-02AM
26.062,Wednesday-11-July-2018-06-37-12AM
26.062,Wednesday-11-July-2018-06-37-24AM
26.062,Wednesday-11-July-2018-06-37-37AM
26.062,Wednesday-11-July-2018-06-37-48AM
26.062,Wednesday-11-July-2018-06-37-59AM
26.062,Wednesday-11-July-2018-06-38-14AM
26.062,Wednesday-11-July-2018-06-38-25AM
26.062,Wednesday-11-July-2018-06-38-36AM
26.062,Wednesday-11-July-2018-06-38-49AM
26.0,Wednesday-11-July-2018-06-39-00AM
26.062,Wednesday-11-July-2018-06-39-14AM
26.062,Wednesday-11-July-2018-06-39-28AM
26.062,Wednesday-11-July-2018-06-39-40AM
26.062,Wednesday-11-July-2018-06-39-51AM
26.062,Wednesday-11-July-2018-06-40-04AM
26.062,Wednesday-11-July-2018-06-40-16AM
26.062,Wednesday-11-July-2018-06-40-30AM
26.062,Wednesday-11-July-2018-06-40-43AM
26.062,Wednesday-11-July-2018-06-40-56AM
26.062,Wednesday-11-July-2018-06-41-09AM
26.125,Wednesday-11-July-2018-06-41-24AM
26.062,Wednesday-11-July-2018-06-41-36AM
26.062,Wednesday-11-July-2018-06-41-48AM
26.062,Wednesday-11-July-2018-06-42-01AM
26.062,Wednesday-11-July-2018-06-42-12AM
26.062,Wednesday-11-July-2018-06-42-23AM
26.062,Wednesday-11-July-2018-06-42-34AM
26.062,Wednesday-11-July-2018-06-42-46AM
26.062,Wednesday-11-July-2018-06-42-59AM
26.062,Wednesday-11-July-2018-06-43-14AM
26.062,Wednesday-11-July-2018-06-43-25AM
26.062,Wednesday-11-July-2018-06-43-42AM
26.062,Wednesday-11-July-2018-06-43-53AM
26.062,Wednesday-11-July-2018-06-44-07AM
26.062,Wednesday-11-July-2018-06-44-17AM
26.062,Wednesday-11-July-2018-06-44-28AM
26.062,Wednesday-11-July-2018-06-44-40AM
26.062,Wednesday-11-July-2018-06-44-52AM
26.062,Wednesday-11-July-2018-06-45-04AM
26.062,Wednesday-11-July-2018-06-45-14AM
26.062,Wednesday-11-July-2018-06-45-25AM
26.062,Wednesday-11-July-2018-06-45-38AM
26.0,Wednesday-11-July-2018-06-45-50AM
26.062,Wednesday-11-July-2018-06-46-03AM
26.062,Wednesday-11-July-2018-06-46-14AM
26.062,Wednesday-11-July-2018-06-46-25AM
26.062,Wednesday-11-July-2018-06-46-35AM
26.312,Wednesday-11-July-2018-06-46-46AM
27.875,Wednesday-11-July-2018-06-46-57AM
27.562,Wednesday-11-July-2018-06-47-08AM
27.062,Wednesday-11-July-2018-06-47-23AM
26.937,Wednesday-11-July-2018-06-47-34AM
26.812,Wednesday-11-July-2018-06-47-46AM
26.75,Wednesday-11-July-2018-06-47-57AM
26.687,Wednesday-11-July-2018-06-48-13AM
26.687,Wednesday-11-July-2018-06-48-23AM
26.625,Wednesday-11-July-2018-06-48-34AM
26.625,Wednesday-11-July-2018-06-48-44AM
26.625,Wednesday-11-July-2018-06-48-56AM
26.562,Wednesday-11-July-2018-06-49-10AM
26.562,Wednesday-11-July-2018-06-49-24AM
26.562,Wednesday-11-July-2018-06-49-36AM
26.562,Wednesday-11-July-2018-06-49-48AM
26.562,Wednesday-11-July-2018-06-50-00AM
26.5,Wednesday-11-July-2018-06-50-10AM
26.5,Wednesday-11-July-2018-06-50-23AM
26.5,Wednesday-11-July-2018-06-50-33AM
26.5,Wednesday-11-July-2018-06-50-46AM
26.437,Wednesday-11-July-2018-06-50-58AM
26.437,Wednesday-11-July-2018-06-51-09AM
26.437,Wednesday-11-July-2018-06-51-19AM
26.437,Wednesday-11-July-2018-06-51-30AM
26.375,Wednesday-11-July-2018-06-51-43AM
26.375,Wednesday-11-July-2018-06-51-54AM
26.375,Wednesday-11-July-2018-06-52-06AM
26.312,Wednesday-11-July-2018-06-52-19AM
26.312,Wednesday-11-July-2018-06-52-30AM
26.312,Wednesday-11-July-2018-06-52-42AM
26.312,Wednesday-11-July-2018-06-52-54AM
26.312,Wednesday-11-July-2018-06-53-05AM
26.25,Wednesday-11-July-2018-06-53-16AM
26.25,Wednesday-11-July-2018-06-53-26AM
26.25,Wednesday-11-July-2018-06-53-36AM
26.25,Wednesday-11-July-2018-06-53-47AM
26.25,Wednesday-11-July-2018-06-53-58AM
26.25,Wednesday-11-July-2018-06-54-09AM
26.187,Wednesday-11-July-2018-06-54-19AM
26.187,Wednesday-11-July-2018-06-54-32AM
26.187,Wednesday-11-July-2018-06-54-44AM
26.187,Wednesday-11-July-2018-06-54-56AM
26.187,Wednesday-11-July-2018-06-55-08AM
26.187,Wednesday-11-July-2018-06-55-19AM
26.187,Wednesday-11-July-2018-06-55-30AM
26.187,Wednesday-11-July-2018-06-55-41AM
26.187,Wednesday-11-July-2018-06-55-53AM
26.187,Wednesday-11-July-2018-06-56-05AM
26.125,Wednesday-11-July-2018-06-56-16AM
26.125,Wednesday-11-July-2018-06-56-27AM
26.187,Wednesday-11-July-2018-06-56-41AM
26.125,Wednesday-11-July-2018-06-56-51AM
26.062,Wednesday-11-July-2018-06-57-01AM
26.062,Wednesday-11-July-2018-06-57-15AM
26.125,Wednesday-11-July-2018-06-57-27AM
26.125,Wednesday-11-July-2018-06-57-39AM
26.062,Wednesday-11-July-2018-06-57-51AM
26.125,Wednesday-11-July-2018-06-58-03AM
26.125,Wednesday-11-July-2018-06-58-15AM
26.062,Wednesday-11-July-2018-06-58-27AM
26.062,Wednesday-11-July-2018-06-58-40AM
26.062,Wednesday-11-July-2018-06-58-53AM
26.062,Wednesday-11-July-2018-06-59-06AM
26.062,Wednesday-11-July-2018-06-59-18AM
26.062,Wednesday-11-July-2018-06-59-28AM
26.062,Wednesday-11-July-2018-06-59-41AM
26.062,Wednesday-11-July-2018-06-59-53AM
26.062,Wednesday-11-July-2018-07-00-04AM
26.062,Wednesday-11-July-2018-07-00-15AM
26.0,Wednesday-11-July-2018-07-00-25AM
26.062,Wednesday-11-July-2018-07-00-36AM
26.062,Wednesday-11-July-2018-07-00-46AM
26.0,Wednesday-11-July-2018-07-00-58AM
26.062,Wednesday-11-July-2018-07-01-08AM
26.0,Wednesday-11-July-2018-07-01-20AM
26.062,Wednesday-11-July-2018-07-01-33AM
26.062,Wednesday-11-July-2018-07-01-46AM
26.0,Wednesday-11-July-2018-07-01-58AM
26.0,Wednesday-11-July-2018-07-02-10AM
26.0,Wednesday-11-July-2018-07-02-23AM
26.0,Wednesday-11-July-2018-07-02-35AM
26.062,Wednesday-11-July-2018-07-02-48AM
26.062,Wednesday-11-July-2018-07-02-58AM
26.062,Wednesday-11-July-2018-07-03-09AM
26.062,Wednesday-11-July-2018-07-03-20AM
26.0,Wednesday-11-July-2018-07-03-31AM
26.0,Wednesday-11-July-2018-07-03-43AM
26.062,Wednesday-11-July-2018-07-03-54AM
26.0,Wednesday-11-July-2018-07-04-05AM
26.0,Wednesday-11-July-2018-07-04-15AM
26.0,Wednesday-11-July-2018-07-04-26AM
26.0,Wednesday-11-July-2018-07-04-39AM
26.0,Wednesday-11-July-2018-07-04-50AM
26.0,Wednesday-11-July-2018-07-05-01AM
26.0,Wednesday-11-July-2018-07-05-11AM
26.0,Wednesday-11-July-2018-07-05-24AM
26.062,Wednesday-11-July-2018-07-05-36AM
26.0,Wednesday-11-July-2018-07-05-48AM
26.0,Wednesday-11-July-2018-07-05-58AM
26.0,Wednesday-11-July-2018-07-06-11AM
26.0,Wednesday-11-July-2018-07-06-23AM
26.0,Wednesday-11-July-2018-07-06-35AM
26.062,Wednesday-11-July-2018-07-06-46AM
26.062,Wednesday-11-July-2018-07-06-58AM
26.062,Wednesday-11-July-2018-07-07-09AM
26.062,Wednesday-11-July-2018-07-07-19AM
26.062,Wednesday-11-July-2018-07-07-33AM
26.062,Wednesday-11-July-2018-07-07-43AM
26.062,Wednesday-11-July-2018-07-07-54AM
26.062,Wednesday-11-July-2018-07-08-05AM
26.062,Wednesday-11-July-2018-07-08-18AM
26.062,Wednesday-11-July-2018-07-08-31AM
26.0,Wednesday-11-July-2018-07-08-42AM
26.062,Wednesday-11-July-2018-07-08-54AM
26.062,Wednesday-11-July-2018-07-09-07AM
26.062,Wednesday-11-July-2018-07-09-18AM
26.062,Wednesday-11-July-2018-07-09-29AM
26.062,Wednesday-11-July-2018-07-09-39AM
26.0,Wednesday-11-July-2018-07-09-51AM
26.0,Wednesday-11-July-2018-07-10-06AM
26.062,Wednesday-11-July-2018-07-10-17AM
26.062,Wednesday-11-July-2018-07-10-28AM
26.062,Wednesday-11-July-2018-07-10-39AM
26.187,Wednesday-11-July-2018-07-10-51AM
26.812,Wednesday-11-July-2018-07-11-04AM
27.187,Wednesday-11-July-2018-07-11-14AM
27.125,Wednesday-11-July-2018-07-11-27AM
27.062,Wednesday-11-July-2018-07-11-38AM
27.062,Wednesday-11-July-2018-07-11-48AM
26.937,Wednesday-11-July-2018-07-12-02AM
26.937,Wednesday-11-July-2018-07-12-16AM
26.875,Wednesday-11-July-2018-07-12-28AM
26.812,Wednesday-11-July-2018-07-12-38AM
26.75,Wednesday-11-July-2018-07-12-50AM
26.687,Wednesday-11-July-2018-07-13-01AM
26.625,Wednesday-11-July-2018-07-13-15AM
26.625,Wednesday-11-July-2018-07-13-25AM
26.562,Wednesday-11-July-2018-07-13-37AM
26.562,Wednesday-11-July-2018-07-13-48AM
26.5,Wednesday-11-July-2018-07-14-00AM
26.5,Wednesday-11-July-2018-07-14-12AM
26.5,Wednesday-11-July-2018-07-14-22AM
26.437,Wednesday-11-July-2018-07-14-36AM
26.375,Wednesday-11-July-2018-07-14-50AM
26.375,Wednesday-11-July-2018-07-15-02AM
26.375,Wednesday-11-July-2018-07-15-15AM
26.312,Wednesday-11-July-2018-07-15-28AM
26.312,Wednesday-11-July-2018-07-15-40AM
26.312,Wednesday-11-July-2018-07-15-52AM
28.125,Wednesday-11-July-2018-07-20-29AM
28.062,Wednesday-11-July-2018-07-20-40AM
28.0,Wednesday-11-July-2018-07-20-52AM
27.375,Wednesday-11-July-2018-07-21-04AM
27.125,Wednesday-11-July-2018-07-21-17AM
26.937,Wednesday-11-July-2018-07-21-32AM
26.875,Wednesday-11-July-2018-07-21-43AM
26.812,Wednesday-11-July-2018-07-21-55AM
26.75,Wednesday-11-July-2018-07-22-10AM
26.75,Wednesday-11-July-2018-07-22-21AM
26.687,Wednesday-11-July-2018-07-22-32AM
26.625,Wednesday-11-July-2018-07-22-45AM
26.562,Wednesday-11-July-2018-07-23-01AM
26.562,Wednesday-11-July-2018-07-23-13AM
26.5,Wednesday-11-July-2018-07-23-24AM
26.5,Wednesday-11-July-2018-07-23-36AM
26.437,Wednesday-11-July-2018-07-23-49AM
26.437,Wednesday-11-July-2018-07-24-01AM
26.437,Wednesday-11-July-2018-07-24-12AM
26.437,Wednesday-11-July-2018-07-24-23AM
26.375,Wednesday-11-July-2018-07-24-35AM
26.375,Wednesday-11-July-2018-07-24-51AM
26.375,Wednesday-11-July-2018-07-25-05AM
26.375,Wednesday-11-July-2018-07-25-16AM
26.312,Wednesday-11-July-2018-07-25-28AM
26.312,Wednesday-11-July-2018-07-25-39AM
26.25,Wednesday-11-July-2018-07-25-51AM
26.25,Wednesday-11-July-2018-07-26-02AM
26.25,Wednesday-11-July-2018-07-26-13AM
26.25,Wednesday-11-July-2018-07-26-26AM
26.25,Wednesday-11-July-2018-07-26-42AM
26.187,Wednesday-11-July-2018-07-26-52AM
26.25,Wednesday-11-July-2018-07-27-03AM
26.187,Wednesday-11-July-2018-07-27-15AM
26.187,Wednesday-11-July-2018-07-27-28AM
26.187,Wednesday-11-July-2018-07-27-43AM
26.187,Wednesday-11-July-2018-07-27-55AM
26.187,Wednesday-11-July-2018-07-28-07AM
26.187,Wednesday-11-July-2018-07-28-20AM
26.125,Wednesday-11-July-2018-07-28-33AM
26.125,Wednesday-11-July-2018-07-28-44AM
26.125,Wednesday-11-July-2018-07-28-57AM
26.125,Wednesday-11-July-2018-07-29-09AM
26.125,Wednesday-11-July-2018-07-29-21AM
26.125,Wednesday-11-July-2018-07-29-33AM
26.062,Wednesday-11-July-2018-07-29-47AM
26.062,Wednesday-11-July-2018-07-30-00AM
26.062,Wednesday-11-July-2018-07-30-13AM
26.062,Wednesday-11-July-2018-07-30-24AM
26.062,Wednesday-11-July-2018-07-30-38AM
26.062,Wednesday-11-July-2018-07-30-51AM
26.062,Wednesday-11-July-2018-07-31-08AM
26.062,Wednesday-11-July-2018-07-31-21AM
26.062,Wednesday-11-July-2018-07-31-31AM
26.062,Wednesday-11-July-2018-07-31-47AM
26.062,Wednesday-11-July-2018-07-31-59AM
26.062,Wednesday-11-July-2018-07-32-11AM
26.062,Wednesday-11-July-2018-07-32-25AM
26.062,Wednesday-11-July-2018-07-32-37AM
26.062,Wednesday-11-July-2018-07-32-53AM
26.062,Wednesday-11-July-2018-07-33-04AM
26.0,Wednesday-11-July-2018-07-33-16AM
26.062,Wednesday-11-July-2018-07-33-27AM
26.062,Wednesday-11-July-2018-07-33-38AM
26.0,Wednesday-11-July-2018-07-33-55AM
26.062,Wednesday-11-July-2018-07-34-11AM
26.0,Wednesday-11-July-2018-07-34-23AM
26.0,Wednesday-11-July-2018-07-34-36AM
26.0,Wednesday-11-July-2018-07-34-47AM
26.0,Wednesday-11-July-2018-07-34-59AM
26.0,Wednesday-11-July-2018-07-35-13AM
26.0,Wednesday-11-July-2018-07-35-23AM
26.0,Wednesday-11-July-2018-07-35-38AM
26.0,Wednesday-11-July-2018-07-35-52AM
25.937,Wednesday-11-July-2018-07-36-07AM
26.0,Wednesday-11-July-2018-07-36-21AM
25.937,Wednesday-11-July-2018-07-36-38AM
26.0,Wednesday-11-July-2018-07-36-54AM
26.0,Wednesday-11-July-2018-07-37-08AM
25.937,Wednesday-11-July-2018-07-37-21AM
25.937,Wednesday-11-July-2018-07-37-35AM
26.0,Wednesday-11-July-2018-07-37-46AM
26.0,Wednesday-11-July-2018-07-38-01AM
25.937,Wednesday-11-July-2018-07-38-14AM
26.0,Wednesday-11-July-2018-07-38-26AM
25.937,Wednesday-11-July-2018-07-38-41AM
26.0,Wednesday-11-July-2018-07-38-54AM
26.0,Wednesday-11-July-2018-07-39-10AM
26.0,Wednesday-11-July-2018-07-39-29AM
26.0,Wednesday-11-July-2018-07-39-40AM
26.0,Wednesday-11-July-2018-07-39-51AM
25.937,Wednesday-11-July-2018-07-40-03AM
25.937,Wednesday-11-July-2018-07-40-16AM
25.937,Wednesday-11-July-2018-07-40-28AM
25.937,Wednesday-11-July-2018-07-41-07AM
25.937,Wednesday-11-July-2018-07-41-22AM
25.937,Wednesday-11-July-2018-07-41-36AM
25.937,Wednesday-11-July-2018-07-41-49AM
25.937,Wednesday-11-July-2018-07-42-01AM
25.937,Wednesday-11-July-2018-07-42-15AM
25.937,Wednesday-11-July-2018-07-42-30AM
25.937,Wednesday-11-July-2018-07-42-42AM
25.937,Wednesday-11-July-2018-07-42-54AM
25.937,Wednesday-11-July-2018-07-43-05AM
25.937,Wednesday-11-July-2018-07-43-18AM
25.937,Wednesday-11-July-2018-07-43-30AM
25.937,Wednesday-11-July-2018-07-43-44AM
25.875,Wednesday-11-July-2018-07-43-57AM
25.937,Wednesday-11-July-2018-07-44-12AM
25.875,Wednesday-11-July-2018-07-44-23AM
25.937,Wednesday-11-July-2018-07-44-38AM
25.875,Wednesday-11-July-2018-07-44-50AM
25.937,Wednesday-11-July-2018-07-45-03AM
25.937,Wednesday-11-July-2018-07-45-14AM
25.937,Wednesday-11-July-2018-07-45-26AM
25.875,Wednesday-11-July-2018-07-45-39AM
25.937,Wednesday-11-July-2018-07-45-50AM
25.937,Wednesday-11-July-2018-07-46-07AM
25.875,Wednesday-11-July-2018-07-46-21AM
25.875,Wednesday-11-July-2018-07-46-33AM
25.875,Wednesday-11-July-2018-07-46-45AM
25.875,Wednesday-11-July-2018-07-46-57AM
25.937,Wednesday-11-July-2018-07-47-09AM
25.875,Wednesday-11-July-2018-07-47-24AM
25.875,Wednesday-11-July-2018-07-47-39AM
25.937,Wednesday-11-July-2018-07-47-49AM
25.875,Wednesday-11-July-2018-07-48-02AM
25.875,Wednesday-11-July-2018-07-48-36AM
25.875,Wednesday-11-July-2018-07-48-53AM
25.875,Wednesday-11-July-2018-07-49-07AM
25.875,Wednesday-11-July-2018-07-49-21AM
25.875,Wednesday-11-July-2018-07-49-34AM
25.875,Wednesday-11-July-2018-07-49-48AM
25.875,Wednesday-11-July-2018-07-50-04AM
25.875,Wednesday-11-July-2018-07-50-15AM
25.875,Wednesday-11-July-2018-07-50-27AM
25.875,Wednesday-11-July-2018-07-50-38AM
25.875,Wednesday-11-July-2018-07-50-51AM
25.875,Wednesday-11-July-2018-07-51-02AM
25.875,Wednesday-11-July-2018-07-51-13AM
25.875,Wednesday-11-July-2018-07-51-25AM
25.875,Wednesday-11-July-2018-07-51-37AM
25.875,Wednesday-11-July-2018-07-51-51AM
25.875,Wednesday-11-July-2018-07-52-03AM
25.875,Wednesday-11-July-2018-07-52-13AM
25.875,Wednesday-11-July-2018-07-52-26AM
25.875,Wednesday-11-July-2018-07-52-40AM
25.875,Wednesday-11-July-2018-07-52-55AM
25.875,Wednesday-11-July-2018-07-53-09AM
25.875,Wednesday-11-July-2018-07-53-22AM
25.875,Wednesday-11-July-2018-07-53-33AM
25.875,Wednesday-11-July-2018-07-53-46AM
25.875,Wednesday-11-July-2018-07-53-58AM
25.875,Wednesday-11-July-2018-07-54-13AM
25.875,Wednesday-11-July-2018-07-54-26AM
25.812,Wednesday-11-July-2018-07-54-40AM
25.875,Wednesday-11-July-2018-07-54-52AM
25.875,Wednesday-11-July-2018-07-55-05AM
25.812,Wednesday-11-July-2018-07-55-16AM
25.875,Wednesday-11-July-2018-07-55-27AM
25.875,Wednesday-11-July-2018-07-55-38AM
25.875,Wednesday-11-July-2018-07-55-50AM
25.875,Wednesday-11-July-2018-07-56-02AM
25.875,Wednesday-11-July-2018-07-56-12AM
25.875,Wednesday-11-July-2018-07-56-23AM
25.875,Wednesday-11-July-2018-07-56-35AM
25.875,Wednesday-11-July-2018-07-56-48AM
25.875,Wednesday-11-July-2018-07-56-58AM
25.875,Wednesday-11-July-2018-07-57-11AM
25.875,Wednesday-11-July-2018-07-57-21AM
25.875,Wednesday-11-July-2018-07-57-34AM
25.875,Wednesday-11-July-2018-07-57-45AM
25.875,Wednesday-11-July-2018-07-57-57AM
25.875,Wednesday-11-July-2018-07-58-10AM
25.875,Wednesday-11-July-2018-07-58-21AM
25.875,Wednesday-11-July-2018-07-58-33AM
25.875,Wednesday-11-July-2018-07-58-44AM
25.875,Wednesday-11-July-2018-07-58-54AM
25.875,Wednesday-11-July-2018-07-59-07AM
25.812,Wednesday-11-July-2018-07-59-17AM
25.875,Wednesday-11-July-2018-07-59-30AM
25.812,Wednesday-11-July-2018-07-59-44AM
25.875,Wednesday-11-July-2018-07-59-54AM
25.812,Wednesday-11-July-2018-08-00-05AM
25.875,Wednesday-11-July-2018-08-00-16AM
25.875,Wednesday-11-July-2018-08-00-28AM
25.812,Wednesday-11-July-2018-08-00-39AM
25.812,Wednesday-11-July-2018-08-00-50AM
25.812,Wednesday-11-July-2018-08-01-02AM
25.875,Wednesday-11-July-2018-08-01-12AM
25.812,Wednesday-11-July-2018-08-01-23AM
25.875,Wednesday-11-July-2018-08-01-35AM
25.812,Wednesday-11-July-2018-08-01-44AM
25.812,Wednesday-11-July-2018-08-01-57AM
25.812,Wednesday-11-July-2018-08-02-09AM
25.812,Wednesday-11-July-2018-08-02-20AM
25.812,Wednesday-11-July-2018-08-02-31AM
25.812,Wednesday-11-July-2018-08-02-44AM
25.812,Wednesday-11-July-2018-08-02-54AM
25.812,Wednesday-11-July-2018-08-03-05AM
25.812,Wednesday-11-July-2018-08-03-15AM
25.812,Wednesday-11-July-2018-08-03-27AM
25.812,Wednesday-11-July-2018-08-03-38AM
25.812,Wednesday-11-July-2018-08-03-47AM
25.812,Wednesday-11-July-2018-08-03-59AM
25.812,Wednesday-11-July-2018-08-04-11AM
25.812,Wednesday-11-July-2018-08-04-23AM
25.812,Wednesday-11-July-2018-08-04-33AM
25.875,Wednesday-11-July-2018-08-04-44AM
25.812,Wednesday-11-July-2018-08-04-54AM
25.812,Wednesday-11-July-2018-08-05-05AM
25.812,Wednesday-11-July-2018-08-05-18AM
25.812,Wednesday-11-July-2018-08-05-32AM
25.812,Wednesday-11-July-2018-08-05-44AM
25.812,Wednesday-11-July-2018-08-05-59AM
25.812,Wednesday-11-July-2018-08-06-10AM
25.812,Wednesday-11-July-2018-08-06-21AM
25.812,Wednesday-11-July-2018-08-06-33AM
25.812,Wednesday-11-July-2018-08-06-43AM
25.812,Wednesday-11-July-2018-08-06-53AM
25.812,Wednesday-11-July-2018-08-07-04AM
25.812,Wednesday-11-July-2018-08-07-14AM
25.812,Wednesday-11-July-2018-08-07-25AM
25.812,Wednesday-11-July-2018-08-07-36AM
25.812,Wednesday-11-July-2018-08-07-48AM
25.812,Wednesday-11-July-2018-08-07-59AM
25.812,Wednesday-11-July-2018-08-08-09AM
25.812,Wednesday-11-July-2018-08-08-20AM
25.812,Wednesday-11-July-2018-08-08-33AM
25.812,Wednesday-11-July-2018-08-08-44AM
25.812,Wednesday-11-July-2018-08-08-54AM
25.812,Wednesday-11-July-2018-08-09-06AM
25.812,Wednesday-11-July-2018-08-09-19AM
25.812,Wednesday-11-July-2018-08-09-30AM
25.812,Wednesday-11-July-2018-08-09-42AM
25.812,Wednesday-11-July-2018-08-09-52AM
25.812,Wednesday-11-July-2018-08-10-03AM
25.812,Wednesday-11-July-2018-08-10-14AM
25.812,Wednesday-11-July-2018-08-10-25AM
25.812,Wednesday-11-July-2018-08-10-37AM
25.812,Wednesday-11-July-2018-08-10-48AM
25.812,Wednesday-11-July-2018-08-10-58AM
25.812,Wednesday-11-July-2018-08-11-08AM
25.812,Wednesday-11-July-2018-08-11-21AM
25.812,Wednesday-11-July-2018-08-11-37AM
25.812,Wednesday-11-July-2018-08-11-47AM
25.812,Wednesday-11-July-2018-08-11-57AM
25.812,Wednesday-11-July-2018-08-12-09AM
25.812,Wednesday-11-July-2018-08-12-21AM
25.812,Wednesday-11-July-2018-08-12-31AM
25.812,Wednesday-11-July-2018-08-12-41AM
25.812,Wednesday-11-July-2018-08-12-53AM
25.812,Wednesday-11-July-2018-08-13-07AM
25.812,Wednesday-11-July-2018-08-13-19AM
25.812,Wednesday-11-July-2018-08-13-30AM
25.812,Wednesday-11-July-2018-08-13-43AM
25.812,Wednesday-11-July-2018-08-13-54AM
25.812,Wednesday-11-July-2018-08-14-04AM
25.812,Wednesday-11-July-2018-08-14-17AM
25.812,Wednesday-11-July-2018-08-14-32AM
25.75,Wednesday-11-July-2018-08-14-47AM
25.812,Wednesday-11-July-2018-08-14-59AM
25.812,Wednesday-11-July-2018-08-15-10AM
25.812,Wednesday-11-July-2018-08-15-21AM
25.812,Wednesday-11-July-2018-08-15-34AM
25.812,Wednesday-11-July-2018-08-15-44AM
25.812,Wednesday-11-July-2018-08-15-56AM
25.812,Wednesday-11-July-2018-08-16-06AM
25.812,Wednesday-11-July-2018-08-16-19AM
25.812,Wednesday-11-July-2018-08-16-33AM
25.812,Wednesday-11-July-2018-08-16-46AM
25.812,Wednesday-11-July-2018-08-16-57AM
25.812,Wednesday-11-July-2018-08-17-11AM
25.875,Wednesday-11-July-2018-08-17-25AM
25.812,Wednesday-11-July-2018-08-17-37AM
25.875,Wednesday-11-July-2018-08-17-52AM
25.875,Wednesday-11-July-2018-08-18-08AM
25.875,Wednesday-11-July-2018-08-18-23AM
25.875,Wednesday-11-July-2018-08-18-36AM
25.875,Wednesday-11-July-2018-08-18-47AM
25.875,Wednesday-11-July-2018-08-18-58AM
25.875,Wednesday-11-July-2018-08-19-10AM
25.875,Wednesday-11-July-2018-08-19-22AM
25.875,Wednesday-11-July-2018-08-19-34AM
25.875,Wednesday-11-July-2018-08-19-48AM
25.875,Wednesday-11-July-2018-08-20-00AM
25.875,Wednesday-11-July-2018-08-20-10AM
25.875,Wednesday-11-July-2018-08-20-22AM
25.875,Wednesday-11-July-2018-08-20-32AM
25.875,Wednesday-11-July-2018-08-20-43AM
25.875,Wednesday-11-July-2018-08-20-57AM
25.875,Wednesday-11-July-2018-08-21-08AM
25.875,Wednesday-11-July-2018-08-21-19AM
25.875,Wednesday-11-July-2018-08-21-32AM
25.875,Wednesday-11-July-2018-08-21-43AM
25.875,Wednesday-11-July-2018-08-22-00AM
25.875,Wednesday-11-July-2018-08-22-13AM
25.875,Wednesday-11-July-2018-08-22-48AM
25.875,Wednesday-11-July-2018-08-22-59AM
25.937,Wednesday-11-July-2018-08-23-12AM
25.937,Wednesday-11-July-2018-08-23-23AM
25.937,Wednesday-11-July-2018-08-23-33AM
25.937,Wednesday-11-July-2018-08-23-45AM
25.875,Wednesday-11-July-2018-08-23-57AM
25.937,Wednesday-11-July-2018-08-24-12AM
25.875,Wednesday-11-July-2018-08-24-27AM
25.875,Wednesday-11-July-2018-08-24-41AM
25.875,Wednesday-11-July-2018-08-24-57AM
25.875,Wednesday-11-July-2018-08-25-11AM
25.875,Wednesday-11-July-2018-08-25-23AM
25.875,Wednesday-11-July-2018-08-25-36AM
25.875,Wednesday-11-July-2018-08-25-47AM
25.812,Wednesday-11-July-2018-08-26-00AM
25.812,Wednesday-11-July-2018-08-26-14AM
25.812,Wednesday-11-July-2018-08-26-27AM
25.875,Wednesday-11-July-2018-08-26-40AM
25.875,Wednesday-11-July-2018-08-26-53AM
25.812,Wednesday-11-July-2018-08-27-05AM
25.875,Wednesday-11-July-2018-08-27-15AM
25.875,Wednesday-11-July-2018-08-27-29AM
25.812,Wednesday-11-July-2018-08-27-43AM
25.812,Wednesday-11-July-2018-08-27-56AM
25.875,Wednesday-11-July-2018-08-28-09AM
25.812,Wednesday-11-July-2018-08-28-24AM
25.812,Wednesday-11-July-2018-08-28-36AM
25.812,Wednesday-11-July-2018-08-28-48AM
25.812,Wednesday-11-July-2018-08-28-59AM
25.812,Wednesday-11-July-2018-08-29-12AM
25.812,Wednesday-11-July-2018-08-29-24AM
25.812,Wednesday-11-July-2018-08-29-35AM
25.812,Wednesday-11-July-2018-08-29-48AM
25.812,Wednesday-11-July-2018-08-30-01AM
25.812,Wednesday-11-July-2018-08-30-12AM
25.812,Wednesday-11-July-2018-08-30-28AM
25.812,Wednesday-11-July-2018-08-30-40AM
25.812,Wednesday-11-July-2018-08-30-50AM
25.812,Wednesday-11-July-2018-08-31-02AM
25.812,Wednesday-11-July-2018-08-31-15AM
25.812,Wednesday-11-July-2018-08-31-30AM
25.812,Wednesday-11-July-2018-08-31-43AM
25.812,Wednesday-11-July-2018-08-31-54AM
25.812,Wednesday-11-July-2018-08-32-06AM
25.812,Wednesday-11-July-2018-08-32-18AM
25.812,Wednesday-11-July-2018-08-32-32AM
25.812,Wednesday-11-July-2018-08-32-44AM
25.812,Wednesday-11-July-2018-08-32-56AM
25.812,Wednesday-11-July-2018-08-33-09AM
25.812,Wednesday-11-July-2018-08-33-19AM
25.812,Wednesday-11-July-2018-08-33-31AM
25.812,Wednesday-11-July-2018-08-33-42AM
25.812,Wednesday-11-July-2018-08-33-55AM
25.812,Wednesday-11-July-2018-08-34-09AM
25.812,Wednesday-11-July-2018-08-34-21AM
25.812,Wednesday-11-July-2018-08-34-32AM
25.812,Wednesday-11-July-2018-08-34-43AM
25.812,Wednesday-11-July-2018-08-34-55AM
25.75,Wednesday-11-July-2018-08-35-09AM
25.812,Wednesday-11-July-2018-08-35-20AM
25.812,Wednesday-11-July-2018-08-35-33AM
25.812,Wednesday-11-July-2018-08-35-46AM
25.812,Wednesday-11-July-2018-08-35-56AM
25.812,Wednesday-11-July-2018-08-36-08AM
25.812,Wednesday-11-July-2018-08-36-21AM
25.812,Wednesday-11-July-2018-08-36-31AM
25.812,Wednesday-11-July-2018-08-36-42AM
25.812,Wednesday-11-July-2018-08-36-53AM
25.812,Wednesday-11-July-2018-08-37-03AM
25.812,Wednesday-11-July-2018-08-37-12AM
25.812,Wednesday-11-July-2018-08-37-22AM
25.812,Wednesday-11-July-2018-08-37-32AM
25.812,Wednesday-11-July-2018-08-37-42AM
25.812,Wednesday-11-July-2018-08-37-51AM
25.812,Wednesday-11-July-2018-08-38-01AM
25.812,Wednesday-11-July-2018-08-38-12AM
25.812,Wednesday-11-July-2018-08-38-21AM
25.812,Wednesday-11-July-2018-08-38-31AM
25.812,Wednesday-11-July-2018-08-38-41AM
25.812,Wednesday-11-July-2018-08-38-50AM
25.812,Wednesday-11-July-2018-08-39-41AM
25.812,Wednesday-11-July-2018-08-39-52AM
25.812,Wednesday-11-July-2018-08-40-05AM
25.812,Wednesday-11-July-2018-08-40-19AM
25.812,Wednesday-11-July-2018-08-40-32AM
25.812,Wednesday-11-July-2018-08-40-43AM
25.812,Wednesday-11-July-2018-08-40-56AM
25.812,Wednesday-11-July-2018-08-41-09AM
25.812,Wednesday-11-July-2018-08-41-20AM
25.812,Wednesday-11-July-2018-08-41-35AM
25.812,Wednesday-11-July-2018-08-41-46AM
25.812,Wednesday-11-July-2018-08-41-58AM
25.812,Wednesday-11-July-2018-08-42-11AM
25.875,Wednesday-11-July-2018-08-42-24AM
25.812,Wednesday-11-July-2018-08-42-36AM
25.812,Wednesday-11-July-2018-08-42-51AM
25.812,Wednesday-11-July-2018-08-43-04AM
25.812,Wednesday-11-July-2018-08-43-19AM
25.812,Wednesday-11-July-2018-08-43-30AM
25.875,Wednesday-11-July-2018-08-43-41AM
25.812,Wednesday-11-July-2018-08-43-54AM
25.812,Wednesday-11-July-2018-08-44-06AM
25.812,Wednesday-11-July-2018-08-44-20AM
25.812,Wednesday-11-July-2018-08-44-39AM
25.812,Wednesday-11-July-2018-08-44-51AM
25.812,Wednesday-11-July-2018-08-45-03AM
25.875,Wednesday-11-July-2018-08-45-14AM
25.875,Wednesday-11-July-2018-08-45-24AM
25.875,Wednesday-11-July-2018-08-45-37AM
25.875,Wednesday-11-July-2018-08-45-47AM
25.875,Wednesday-11-July-2018-08-45-58AM
25.875,Wednesday-11-July-2018-08-46-08AM
25.875,Wednesday-11-July-2018-08-46-18AM
25.937,Wednesday-11-July-2018-08-46-30AM
25.875,Wednesday-11-July-2018-08-46-40AM
25.937,Wednesday-11-July-2018-08-46-52AM
25.937,Wednesday-11-July-2018-08-47-04AM
25.937,Wednesday-11-July-2018-08-47-15AM
25.937,Wednesday-11-July-2018-08-47-27AM
25.937,Wednesday-11-July-2018-08-47-38AM
25.875,Wednesday-11-July-2018-08-47-49AM
25.937,Wednesday-11-July-2018-08-48-01AM
25.937,Wednesday-11-July-2018-08-48-14AM
25.937,Wednesday-11-July-2018-08-48-27AM
25.937,Wednesday-11-July-2018-08-48-41AM
25.937,Wednesday-11-July-2018-08-48-52AM
26.0,Wednesday-11-July-2018-08-49-02AM
26.0,Wednesday-11-July-2018-08-49-14AM
26.0,Wednesday-11-July-2018-08-49-28AM
26.0,Wednesday-11-July-2018-08-49-38AM
26.0,Wednesday-11-July-2018-08-49-50AM
26.0,Wednesday-11-July-2018-08-50-00AM
26.0,Wednesday-11-July-2018-08-50-11AM
26.0,Wednesday-11-July-2018-08-50-24AM
26.0,Wednesday-11-July-2018-08-50-37AM
26.0,Wednesday-11-July-2018-08-50-48AM
26.0,Wednesday-11-July-2018-08-51-02AM
26.0,Wednesday-11-July-2018-08-51-13AM
26.0,Wednesday-11-July-2018-08-51-25AM
26.0,Wednesday-11-July-2018-08-51-40AM
26.062,Wednesday-11-July-2018-08-51-52AM
26.062,Wednesday-11-July-2018-08-52-06AM
26.0,Wednesday-11-July-2018-08-52-17AM
26.062,Wednesday-11-July-2018-08-52-28AM
26.062,Wednesday-11-July-2018-08-52-39AM
26.062,Wednesday-11-July-2018-08-52-52AM
26.062,Wednesday-11-July-2018-08-53-04AM
26.062,Wednesday-11-July-2018-08-53-17AM
26.062,Wednesday-11-July-2018-08-53-28AM
26.062,Wednesday-11-July-2018-08-53-38AM
26.062,Wednesday-11-July-2018-08-53-49AM
26.062,Wednesday-11-July-2018-08-54-04AM
26.062,Wednesday-11-July-2018-08-54-15AM
26.062,Wednesday-11-July-2018-08-54-26AM
26.062,Wednesday-11-July-2018-08-54-42AM
26.062,Wednesday-11-July-2018-08-54-53AM
26.062,Wednesday-11-July-2018-08-55-04AM
26.062,Wednesday-11-July-2018-08-55-16AM
26.062,Wednesday-11-July-2018-08-55-26AM
26.062,Wednesday-11-July-2018-08-55-41AM
26.062,Wednesday-11-July-2018-08-55-51AM
26.062,Wednesday-11-July-2018-08-56-06AM
26.062,Wednesday-11-July-2018-08-56-16AM
26.062,Wednesday-11-July-2018-08-56-28AM
26.062,Wednesday-11-July-2018-08-56-38AM
26.062,Wednesday-11-July-2018-08-56-49AM
26.062,Wednesday-11-July-2018-08-57-00AM
26.062,Wednesday-11-July-2018-08-57-10AM
26.062,Wednesday-11-July-2018-08-57-23AM
26.062,Wednesday-11-July-2018-08-57-38AM
26.0,Wednesday-11-July-2018-08-57-54AM
26.0,Wednesday-11-July-2018-08-58-05AM
26.062,Wednesday-11-July-2018-08-58-17AM
26.062,Wednesday-11-July-2018-08-58-29AM
26.062,Wednesday-11-July-2018-08-58-43AM
26.062,Wednesday-11-July-2018-08-58-54AM
26.062,Wednesday-11-July-2018-08-59-07AM
26.062,Wednesday-11-July-2018-08-59-17AM
26.062,Wednesday-11-July-2018-08-59-31AM
26.062,Wednesday-11-July-2018-08-59-44AM
26.062,Wednesday-11-July-2018-08-59-57AM
26.062,Wednesday-11-July-2018-09-00-09AM
26.062,Wednesday-11-July-2018-09-00-21AM
26.062,Wednesday-11-July-2018-09-00-32AM
26.062,Wednesday-11-July-2018-09-00-48AM
26.062,Wednesday-11-July-2018-09-01-02AM
26.062,Wednesday-11-July-2018-09-01-18AM
26.062,Wednesday-11-July-2018-09-01-29AM
26.062,Wednesday-11-July-2018-09-01-44AM
26.0,Wednesday-11-July-2018-09-01-55AM
26.0,Wednesday-11-July-2018-09-02-12AM
26.062,Wednesday-11-July-2018-09-02-35AM
26.0,Wednesday-11-July-2018-09-02-58AM
26.062,Wednesday-11-July-2018-09-03-18AM
26.0,Wednesday-11-July-2018-09-03-35AM
26.062,Wednesday-11-July-2018-09-03-49AM
26.062,Wednesday-11-July-2018-09-04-05AM
26.062,Wednesday-11-July-2018-09-04-16AM
26.062,Wednesday-11-July-2018-09-04-32AM
26.062,Wednesday-11-July-2018-09-04-52AM
26.062,Wednesday-11-July-2018-09-05-07AM
26.062,Wednesday-11-July-2018-09-05-21AM
26.062,Wednesday-11-July-2018-09-05-33AM
26.0,Wednesday-11-July-2018-09-05-51AM
26.062,Wednesday-11-July-2018-09-06-09AM
26.0,Wednesday-11-July-2018-09-06-21AM
26.0,Wednesday-11-July-2018-09-06-32AM
26.0,Wednesday-11-July-2018-09-06-45AM
26.062,Wednesday-11-July-2018-09-06-59AM
26.0,Wednesday-11-July-2018-09-07-14AM
26.0,Wednesday-11-July-2018-09-07-28AM
26.0,Wednesday-11-July-2018-09-07-43AM
26.0,Wednesday-11-July-2018-09-07-56AM
26.0,Wednesday-11-July-2018-09-08-09AM
26.0,Wednesday-11-July-2018-09-08-23AM
26.0,Wednesday-11-July-2018-09-08-36AM
26.0,Wednesday-11-July-2018-09-08-47AM
26.0,Wednesday-11-July-2018-09-09-01AM
26.0,Wednesday-11-July-2018-09-09-14AM
26.0,Wednesday-11-July-2018-09-09-33AM
26.0,Wednesday-11-July-2018-09-09-48AM
26.0,Wednesday-11-July-2018-09-09-59AM
26.0,Wednesday-11-July-2018-09-10-13AM
26.0,Wednesday-11-July-2018-09-10-30AM
26.0,Wednesday-11-July-2018-09-10-42AM
26.0,Wednesday-11-July-2018-09-10-56AM
26.0,Wednesday-11-July-2018-09-11-07AM
26.0,Wednesday-11-July-2018-09-11-19AM
26.0,Wednesday-11-July-2018-09-11-32AM
26.0,Wednesday-11-July-2018-09-11-42AM
26.312,Wednesday-11-July-2018-09-11-53AM
28.187,Wednesday-11-July-2018-09-12-06AM
27.937,Wednesday-11-July-2018-09-12-17AM
27.75,Wednesday-11-July-2018-09-12-29AM
27.375,Wednesday-11-July-2018-09-12-39AM
27.187,Wednesday-11-July-2018-09-12-49AM
27.062,Wednesday-11-July-2018-09-13-00AM
26.937,Wednesday-11-July-2018-09-13-12AM
26.875,Wednesday-11-July-2018-09-13-22AM
26.812,Wednesday-11-July-2018-09-13-32AM
26.75,Wednesday-11-July-2018-09-13-43AM
26.687,Wednesday-11-July-2018-09-13-56AM
26.625,Wednesday-11-July-2018-09-14-06AM
26.562,Wednesday-11-July-2018-09-14-19AM
26.5,Wednesday-11-July-2018-09-14-31AM
26.437,Wednesday-11-July-2018-09-14-43AM
26.375,Wednesday-11-July-2018-09-14-54AM
26.375,Wednesday-11-July-2018-09-15-05AM
26.375,Wednesday-11-July-2018-09-15-16AM
26.312,Wednesday-11-July-2018-09-15-28AM
26.312,Wednesday-11-July-2018-09-15-44AM
26.25,Wednesday-11-July-2018-09-15-56AM
26.25,Wednesday-11-July-2018-09-16-08AM
26.25,Wednesday-11-July-2018-09-16-20AM
26.187,Wednesday-11-July-2018-09-16-31AM
26.187,Wednesday-11-July-2018-09-16-41AM
26.125,Wednesday-11-July-2018-09-16-52AM
26.125,Wednesday-11-July-2018-09-17-07AM
26.125,Wednesday-11-July-2018-09-17-19AM
26.125,Wednesday-11-July-2018-09-17-31AM
26.125,Wednesday-11-July-2018-09-17-45AM
26.125,Wednesday-11-July-2018-09-18-02AM
26.062,Wednesday-11-July-2018-09-18-17AM
26.062,Wednesday-11-July-2018-09-18-31AM
26.062,Wednesday-11-July-2018-09-18-44AM
26.062,Wednesday-11-July-2018-09-18-56AM
26.062,Wednesday-11-July-2018-09-19-06AM
26.0,Wednesday-11-July-2018-09-19-17AM
26.0,Wednesday-11-July-2018-09-19-30AM
26.0,Wednesday-11-July-2018-09-19-44AM
26.0,Wednesday-11-July-2018-09-19-54AM
26.0,Wednesday-11-July-2018-09-20-05AM
26.0,Wednesday-11-July-2018-09-20-17AM
25.937,Wednesday-11-July-2018-09-20-28AM
26.0,Wednesday-11-July-2018-09-20-40AM
25.937,Wednesday-11-July-2018-09-20-50AM
26.0,Wednesday-11-July-2018-09-21-02AM
25.937,Wednesday-11-July-2018-09-21-15AM
25.937,Wednesday-11-July-2018-09-21-26AM
25.937,Wednesday-11-July-2018-09-21-36AM
25.937,Wednesday-11-July-2018-09-21-47AM
25.937,Wednesday-11-July-2018-09-22-00AM
25.937,Wednesday-11-July-2018-09-22-13AM
25.937,Wednesday-11-July-2018-09-22-25AM
25.937,Wednesday-11-July-2018-09-22-36AM
25.937,Wednesday-11-July-2018-09-22-48AM
25.937,Wednesday-11-July-2018-09-23-01AM
25.937,Wednesday-11-July-2018-09-23-13AM
25.937,Wednesday-11-July-2018-09-23-24AM
25.937,Wednesday-11-July-2018-09-23-35AM
25.937,Wednesday-11-July-2018-09-23-50AM
25.937,Wednesday-11-July-2018-09-24-03AM
25.875,Wednesday-11-July-2018-09-24-17AM
25.937,Wednesday-11-July-2018-09-24-29AM
25.937,Wednesday-11-July-2018-09-24-42AM
25.937,Wednesday-11-July-2018-09-25-00AM
25.875,Wednesday-11-July-2018-09-25-12AM
25.875,Wednesday-11-July-2018-09-25-26AM
25.875,Wednesday-11-July-2018-09-25-43AM
25.875,Wednesday-11-July-2018-09-25-53AM
25.812,Wednesday-11-July-2018-09-26-04AM
25.875,Wednesday-11-July-2018-09-26-17AM
25.875,Wednesday-11-July-2018-09-26-31AM
25.875,Wednesday-11-July-2018-09-26-42AM
25.875,Wednesday-11-July-2018-09-26-53AM
25.875,Wednesday-11-July-2018-09-27-09AM
25.875,Wednesday-11-July-2018-09-27-25AM
25.875,Wednesday-11-July-2018-09-27-40AM
25.875,Wednesday-11-July-2018-09-27-53AM
25.812,Wednesday-11-July-2018-09-28-04AM
25.812,Wednesday-11-July-2018-09-28-17AM
25.875,Wednesday-11-July-2018-09-28-33AM
25.812,Wednesday-11-July-2018-09-28-43AM
25.875,Wednesday-11-July-2018-09-28-55AM
25.812,Wednesday-11-July-2018-09-29-06AM
25.812,Wednesday-11-July-2018-09-29-17AM
25.812,Wednesday-11-July-2018-09-29-29AM
25.812,Wednesday-11-July-2018-09-29-40AM
25.812,Wednesday-11-July-2018-09-29-52AM
25.812,Wednesday-11-July-2018-09-30-02AM
25.812,Wednesday-11-July-2018-09-30-13AM
25.812,Wednesday-11-July-2018-09-30-26AM
25.812,Wednesday-11-July-2018-09-30-38AM
25.812,Wednesday-11-July-2018-09-30-49AM
25.812,Wednesday-11-July-2018-09-31-03AM
25.812,Wednesday-11-July-2018-09-31-13AM
25.812,Wednesday-11-July-2018-09-31-23AM
25.812,Wednesday-11-July-2018-09-31-34AM
25.812,Wednesday-11-July-2018-09-31-46AM
25.812,Wednesday-11-July-2018-09-32-00AM
25.812,Wednesday-11-July-2018-09-32-13AM
25.812,Wednesday-11-July-2018-09-32-26AM
25.812,Wednesday-11-July-2018-09-32-37AM
25.812,Wednesday-11-July-2018-09-32-48AM
25.812,Wednesday-11-July-2018-09-33-00AM
25.75,Wednesday-11-July-2018-09-33-38AM
25.812,Wednesday-11-July-2018-09-33-50AM
25.812,Wednesday-11-July-2018-09-34-01AM
26.875,Wednesday-11-July-2018-09-34-12AM
28.062,Wednesday-11-July-2018-09-34-24AM
27.187,Wednesday-11-July-2018-09-34-35AM
27.375,Wednesday-11-July-2018-09-34-46AM
26.937,Wednesday-11-July-2018-09-34-57AM
26.812,Wednesday-11-July-2018-09-35-09AM
26.687,Wednesday-11-July-2018-09-35-21AM
26.562,Wednesday-11-July-2018-09-35-31AM
26.437,Wednesday-11-July-2018-09-35-41AM
26.375,Wednesday-11-July-2018-09-35-54AM
26.375,Wednesday-11-July-2018-09-36-04AM
26.25,Wednesday-11-July-2018-09-36-15AM
26.25,Wednesday-11-July-2018-09-36-26AM
26.187,Wednesday-11-July-2018-09-36-37AM
26.187,Wednesday-11-July-2018-09-36-48AM
26.125,Wednesday-11-July-2018-09-36-58AM
26.125,Wednesday-11-July-2018-09-37-08AM
26.125,Wednesday-11-July-2018-09-37-18AM
26.0,Wednesday-11-July-2018-09-37-52AM
25.937,Wednesday-11-July-2018-09-38-06AM
25.937,Wednesday-11-July-2018-09-38-17AM
25.937,Wednesday-11-July-2018-09-38-29AM
25.937,Wednesday-11-July-2018-09-38-40AM
25.937,Wednesday-11-July-2018-09-38-51AM
25.937,Wednesday-11-July-2018-09-39-02AM
25.875,Wednesday-11-July-2018-09-39-16AM
25.875,Wednesday-11-July-2018-09-39-26AM
25.875,Wednesday-11-July-2018-09-39-37AM
25.875,Wednesday-11-July-2018-09-39-48AM
25.875,Wednesday-11-July-2018-09-39-58AM
25.875,Wednesday-11-July-2018-09-40-10AM
25.812,Wednesday-11-July-2018-09-40-20AM
25.875,Wednesday-11-July-2018-09-40-32AM
27.375,Wednesday-11-July-2018-09-40-46AM
28.75,Wednesday-11-July-2018-09-41-01AM
29.312,Wednesday-11-July-2018-09-41-13AM
29.562,Wednesday-11-July-2018-09-41-24AM
29.75,Wednesday-11-July-2018-09-41-35AM
30.0,Wednesday-11-July-2018-09-41-49AM
30.125,Wednesday-11-July-2018-09-42-00AM
30.187,Wednesday-11-July-2018-09-42-11AM
30.25,Wednesday-11-July-2018-09-42-23AM
30.312,Wednesday-11-July-2018-09-42-37AM
30.375,Wednesday-11-July-2018-09-42-50AM
30.437,Wednesday-11-July-2018-09-43-02AM
30.5,Wednesday-11-July-2018-09-43-16AM
30.5,Wednesday-11-July-2018-09-43-28AM
30.562,Wednesday-11-July-2018-09-43-39AM
30.562,Wednesday-11-July-2018-09-43-51AM
30.5,Wednesday-11-July-2018-09-44-01AM
30.187,Wednesday-11-July-2018-09-44-12AM
30.812,Wednesday-11-July-2018-09-44-25AM
30.562,Wednesday-11-July-2018-09-44-37AM
30.125,Wednesday-11-July-2018-09-44-48AM
30.0,Wednesday-11-July-2018-09-45-02AM
30.25,Wednesday-11-July-2018-09-45-12AM
29.937,Wednesday-11-July-2018-09-45-24AM
29.812,Wednesday-11-July-2018-09-45-36AM
29.437,Wednesday-11-July-2018-09-45-49AM
29.25,Wednesday-11-July-2018-09-46-01AM
29.0,Wednesday-11-July-2018-09-46-12AM
28.687,Wednesday-11-July-2018-09-46-24AM
28.562,Wednesday-11-July-2018-09-46-36AM
28.375,Wednesday-11-July-2018-09-46-50AM
28.25,Wednesday-11-July-2018-09-47-01AM
28.125,Wednesday-11-July-2018-09-47-12AM
28.0,Wednesday-11-July-2018-09-47-23AM
27.875,Wednesday-11-July-2018-09-47-35AM
29.125,Wednesday-11-July-2018-09-47-47AM
29.75,Wednesday-11-July-2018-09-48-00AM
29.875,Wednesday-11-July-2018-09-48-14AM
29.125,Wednesday-11-July-2018-09-48-24AM
28.812,Wednesday-11-July-2018-09-48-34AM
28.5,Wednesday-11-July-2018-09-48-45AM
28.375,Wednesday-11-July-2018-09-48-55AM
28.187,Wednesday-11-July-2018-09-49-08AM
28.0,Wednesday-11-July-2018-09-49-20AM
27.812,Wednesday-11-July-2018-09-49-33AM
27.687,Wednesday-11-July-2018-09-49-47AM
27.562,Wednesday-11-July-2018-09-50-03AM
27.5,Wednesday-11-July-2018-09-50-14AM
27.312,Wednesday-11-July-2018-09-50-26AM
27.25,Wednesday-11-July-2018-09-50-36AM
27.187,Wednesday-11-July-2018-09-50-47AM
27.125,Wednesday-11-July-2018-09-51-00AM
27.0,Wednesday-11-July-2018-09-51-11AM
26.937,Wednesday-11-July-2018-09-51-25AM
26.875,Wednesday-11-July-2018-09-51-38AM
26.812,Wednesday-11-July-2018-09-51-51AM
26.75,Wednesday-11-July-2018-09-52-04AM
26.625,Wednesday-11-July-2018-09-52-16AM
26.625,Wednesday-11-July-2018-09-52-28AM
26.562,Wednesday-11-July-2018-09-52-42AM
26.5,Wednesday-11-July-2018-09-52-53AM
26.5,Wednesday-11-July-2018-09-53-04AM
26.437,Wednesday-11-July-2018-09-53-15AM
26.375,Wednesday-11-July-2018-09-53-26AM
26.375,Wednesday-11-July-2018-09-53-38AM
26.312,Wednesday-11-July-2018-09-53-51AM
26.312,Wednesday-11-July-2018-09-54-03AM
26.25,Wednesday-11-July-2018-09-54-15AM
26.25,Wednesday-11-July-2018-09-54-26AM
26.25,Wednesday-11-July-2018-09-54-38AM
26.187,Wednesday-11-July-2018-09-54-49AM
26.187,Wednesday-11-July-2018-09-55-01AM
26.187,Wednesday-11-July-2018-09-55-13AM
26.125,Wednesday-11-July-2018-09-55-24AM
26.125,Wednesday-11-July-2018-09-55-36AM
26.125,Wednesday-11-July-2018-09-55-46AM
26.125,Wednesday-11-July-2018-09-56-00AM
26.125,Wednesday-11-July-2018-09-56-11AM
26.125,Wednesday-11-July-2018-09-56-21AM
26.062,Wednesday-11-July-2018-09-56-33AM
26.062,Wednesday-11-July-2018-09-56-46AM
26.062,Wednesday-11-July-2018-09-56-56AM
26.062,Wednesday-11-July-2018-09-57-08AM
26.062,Wednesday-11-July-2018-09-57-23AM
26.0,Wednesday-11-July-2018-09-57-33AM
26.0,Wednesday-11-July-2018-09-57-45AM
26.062,Wednesday-11-July-2018-09-57-56AM
26.0,Wednesday-11-July-2018-09-58-08AM
26.0,Wednesday-11-July-2018-09-58-23AM
25.937,Wednesday-11-July-2018-09-58-35AM
25.937,Wednesday-11-July-2018-09-58-48AM
25.937,Wednesday-11-July-2018-09-58-59AM
25.937,Wednesday-11-July-2018-09-59-11AM
25.937,Wednesday-11-July-2018-09-59-24AM
25.875,Wednesday-11-July-2018-09-59-37AM
25.937,Wednesday-11-July-2018-09-59-48AM
25.875,Wednesday-11-July-2018-09-59-59AM
25.875,Wednesday-11-July-2018-10-00-11AM
25.875,Wednesday-11-July-2018-10-00-23AM
25.875,Wednesday-11-July-2018-10-00-35AM
25.875,Wednesday-11-July-2018-10-00-48AM
25.875,Wednesday-11-July-2018-10-01-03AM
25.875,Wednesday-11-July-2018-10-01-14AM
25.875,Wednesday-11-July-2018-10-01-27AM
25.812,Wednesday-11-July-2018-10-01-39AM
25.812,Wednesday-11-July-2018-10-01-50AM
25.812,Wednesday-11-July-2018-10-02-04AM
25.812,Wednesday-11-July-2018-10-02-16AM
25.812,Wednesday-11-July-2018-10-02-27AM
25.75,Wednesday-11-July-2018-10-02-37AM
25.75,Wednesday-11-July-2018-10-02-52AM
25.812,Wednesday-11-July-2018-10-03-04AM
25.75,Wednesday-11-July-2018-10-03-19AM
25.75,Wednesday-11-July-2018-10-03-31AM
25.812,Wednesday-11-July-2018-10-03-47AM
25.75,Wednesday-11-July-2018-10-03-59AM
25.75,Wednesday-11-July-2018-10-04-11AM
25.75,Wednesday-11-July-2018-10-04-24AM
25.75,Wednesday-11-July-2018-10-04-37AM
25.75,Wednesday-11-July-2018-10-04-49AM
25.75,Wednesday-11-July-2018-10-05-04AM
25.75,Wednesday-11-July-2018-10-05-15AM
25.75,Wednesday-11-July-2018-10-05-26AM
25.75,Wednesday-11-July-2018-10-05-36AM
25.687,Wednesday-11-July-2018-10-05-48AM
25.687,Wednesday-11-July-2018-10-05-59AM
25.687,Wednesday-11-July-2018-10-06-10AM
25.75,Wednesday-11-July-2018-10-06-24AM
25.687,Wednesday-11-July-2018-10-06-37AM
25.75,Wednesday-11-July-2018-10-06-49AM
25.687,Wednesday-11-July-2018-10-07-01AM
25.687,Wednesday-11-July-2018-10-07-14AM
25.687,Wednesday-11-July-2018-10-07-25AM
25.687,Wednesday-11-July-2018-10-07-36AM
25.687,Wednesday-11-July-2018-10-07-47AM
25.687,Wednesday-11-July-2018-10-07-59AM
25.687,Wednesday-11-July-2018-10-08-11AM
25.75,Wednesday-11-July-2018-10-08-25AM
25.75,Wednesday-11-July-2018-10-08-38AM
25.687,Wednesday-11-July-2018-10-08-52AM
25.687,Wednesday-11-July-2018-10-09-03AM
25.687,Wednesday-11-July-2018-10-09-15AM
25.687,Wednesday-11-July-2018-10-09-29AM
25.687,Wednesday-11-July-2018-10-09-40AM
25.625,Wednesday-11-July-2018-10-09-53AM
25.687,Wednesday-11-July-2018-10-10-09AM
25.687,Wednesday-11-July-2018-10-10-19AM
25.687,Wednesday-11-July-2018-10-10-30AM
25.625,Wednesday-11-July-2018-10-10-40AM
25.625,Wednesday-11-July-2018-10-10-56AM
25.625,Wednesday-11-July-2018-10-11-10AM
25.625,Wednesday-11-July-2018-10-11-22AM
25.687,Wednesday-11-July-2018-10-11-32AM
25.625,Wednesday-11-July-2018-10-11-43AM
25.687,Wednesday-11-July-2018-10-11-55AM
25.687,Wednesday-11-July-2018-10-12-05AM
25.687,Wednesday-11-July-2018-10-12-15AM
25.625,Wednesday-11-July-2018-10-12-29AM
25.687,Wednesday-11-July-2018-10-12-38AM
25.687,Wednesday-11-July-2018-10-12-52AM
25.687,Wednesday-11-July-2018-10-13-06AM
25.687,Wednesday-11-July-2018-10-13-22AM
25.687,Wednesday-11-July-2018-10-13-32AM
25.687,Wednesday-11-July-2018-10-13-43AM
26.687,Wednesday-11-July-2018-10-13-56AM
26.187,Wednesday-11-July-2018-10-14-09AM
26.062,Wednesday-11-July-2018-10-14-20AM
26.0,Wednesday-11-July-2018-10-14-31AM
26.0,Wednesday-11-July-2018-10-14-43AM
25.937,Wednesday-11-July-2018-10-14-53AM
25.937,Wednesday-11-July-2018-10-15-06AM
25.937,Wednesday-11-July-2018-10-15-17AM
25.937,Wednesday-11-July-2018-10-15-30AM
25.875,Wednesday-11-July-2018-10-15-41AM
25.875,Wednesday-11-July-2018-10-15-53AM
25.875,Wednesday-11-July-2018-10-16-03AM
25.937,Wednesday-11-July-2018-10-16-20AM
25.812,Wednesday-11-July-2018-10-16-31AM
25.812,Wednesday-11-July-2018-10-16-41AM
25.812,Wednesday-11-July-2018-10-16-53AM
25.812,Wednesday-11-July-2018-10-17-04AM
25.812,Wednesday-11-July-2018-10-17-16AM
25.875,Wednesday-11-July-2018-10-17-27AM
25.812,Wednesday-11-July-2018-10-17-39AM
25.937,Wednesday-11-July-2018-10-17-50AM
25.812,Wednesday-11-July-2018-10-18-04AM
25.812,Wednesday-11-July-2018-10-18-15AM
25.812,Wednesday-11-July-2018-10-18-25AM
25.812,Wednesday-11-July-2018-10-18-37AM
25.812,Wednesday-11-July-2018-10-18-50AM
25.812,Wednesday-11-July-2018-10-19-01AM
25.812,Wednesday-11-July-2018-10-19-14AM
25.812,Wednesday-11-July-2018-10-19-28AM
25.812,Wednesday-11-July-2018-10-19-39AM
25.812,Wednesday-11-July-2018-10-19-50AM
25.812,Wednesday-11-July-2018-10-20-00AM
25.75,Wednesday-11-July-2018-10-20-14AM
25.812,Wednesday-11-July-2018-10-20-26AM
25.812,Wednesday-11-July-2018-10-20-36AM
25.812,Wednesday-11-July-2018-10-20-46AM
25.812,Wednesday-11-July-2018-10-20-57AM
25.75,Wednesday-11-July-2018-10-21-10AM
25.75,Wednesday-11-July-2018-10-21-21AM
25.75,Wednesday-11-July-2018-10-21-33AM
25.812,Wednesday-11-July-2018-10-21-45AM
25.812,Wednesday-11-July-2018-10-21-57AM
25.812,Wednesday-11-July-2018-10-22-07AM
25.75,Wednesday-11-July-2018-10-22-19AM
25.75,Wednesday-11-July-2018-10-22-29AM
25.75,Wednesday-11-July-2018-10-22-39AM
25.75,Wednesday-11-July-2018-10-22-49AM
25.75,Wednesday-11-July-2018-10-23-00AM
25.75,Wednesday-11-July-2018-10-23-16AM
25.75,Wednesday-11-July-2018-10-23-26AM
28.25,Wednesday-11-July-2018-10-23-40AM
28.062,Wednesday-11-July-2018-10-23-53AM
28.062,Wednesday-11-July-2018-10-24-04AM
28.125,Wednesday-11-July-2018-10-24-18AM
28.312,Wednesday-11-July-2018-10-24-28AM
28.75,Wednesday-11-July-2018-10-24-41AM
28.187,Wednesday-11-July-2018-10-24-51AM
27.875,Wednesday-11-July-2018-10-25-04AM
27.625,Wednesday-11-July-2018-10-25-19AM
27.437,Wednesday-11-July-2018-10-25-32AM
27.25,Wednesday-11-July-2018-10-25-46AM
28.687,Wednesday-11-July-2018-10-25-59AM
28.125,Wednesday-11-July-2018-10-26-09AM
27.812,Wednesday-11-July-2018-10-26-19AM
27.562,Wednesday-11-July-2018-10-26-30AM
27.437,Wednesday-11-July-2018-10-26-42AM
27.312,Wednesday-11-July-2018-10-26-53AM
27.187,Wednesday-11-July-2018-10-27-04AM
27.125,Wednesday-11-July-2018-10-27-15AM
27.0,Wednesday-11-July-2018-10-27-28AM
26.875,Wednesday-11-July-2018-10-27-44AM
26.812,Wednesday-11-July-2018-10-27-55AM
26.75,Wednesday-11-July-2018-10-28-05AM
26.687,Wednesday-11-July-2018-10-28-16AM
26.562,Wednesday-11-July-2018-10-28-31AM
27.875,Wednesday-11-July-2018-10-28-46AM
28.187,Wednesday-11-July-2018-10-28-59AM
28.187,Wednesday-11-July-2018-10-29-11AM
27.75,Wednesday-11-July-2018-10-29-24AM
27.437,Wednesday-11-July-2018-10-29-37AM
27.187,Wednesday-11-July-2018-10-29-50AM
27.062,Wednesday-11-July-2018-10-30-03AM
28.562,Wednesday-11-July-2018-10-30-16AM
27.75,Wednesday-11-July-2018-10-30-27AM
27.437,Wednesday-11-July-2018-10-30-40AM
27.25,Wednesday-11-July-2018-10-30-54AM
27.062,Wednesday-11-July-2018-10-31-07AM
26.937,Wednesday-11-July-2018-10-31-21AM
26.875,Wednesday-11-July-2018-10-31-32AM
26.75,Wednesday-11-July-2018-10-31-44AM
26.687,Wednesday-11-July-2018-10-31-59AM
26.625,Wednesday-11-July-2018-10-32-09AM
26.5,Wednesday-11-July-2018-10-32-24AM
26.437,Wednesday-11-July-2018-10-32-38AM
26.375,Wednesday-11-July-2018-10-32-49AM
26.375,Wednesday-11-July-2018-10-33-00AM
26.312,Wednesday-11-July-2018-10-33-12AM
26.25,Wednesday-11-July-2018-10-33-22AM
26.187,Wednesday-11-July-2018-10-33-35AM
26.187,Wednesday-11-July-2018-10-33-47AM
26.187,Wednesday-11-July-2018-10-33-58AM
26.125,Wednesday-11-July-2018-10-34-10AM
26.062,Wednesday-11-July-2018-10-34-22AM
26.062,Wednesday-11-July-2018-10-34-35AM
26.062,Wednesday-11-July-2018-10-34-47AM
26.0,Wednesday-11-July-2018-10-34-58AM
25.937,Wednesday-11-July-2018-10-35-09AM
25.937,Wednesday-11-July-2018-10-35-23AM
25.937,Wednesday-11-July-2018-10-35-33AM
26.5,Wednesday-11-July-2018-10-35-45AM
27.187,Wednesday-11-July-2018-10-35-59AM
27.437,Wednesday-11-July-2018-10-36-10AM
27.562,Wednesday-11-July-2018-10-36-22AM
26.937,Wednesday-11-July-2018-10-36-34AM
26.687,Wednesday-11-July-2018-10-36-47AM
26.562,Wednesday-11-July-2018-10-37-00AM
26.437,Wednesday-11-July-2018-10-37-15AM
26.375,Wednesday-11-July-2018-10-37-30AM
26.312,Wednesday-11-July-2018-10-37-40AM
26.25,Wednesday-11-July-2018-10-37-52AM
26.25,Wednesday-11-July-2018-10-38-03AM
26.187,Wednesday-11-July-2018-10-38-17AM
26.187,Wednesday-11-July-2018-10-38-27AM
26.125,Wednesday-11-July-2018-10-38-41AM
26.062,Wednesday-11-July-2018-10-38-54AM
26.062,Wednesday-11-July-2018-10-39-07AM
26.062,Wednesday-11-July-2018-10-39-20AM
26.0,Wednesday-11-July-2018-10-39-31AM
26.0,Wednesday-11-July-2018-10-39-42AM
25.937,Wednesday-11-July-2018-10-39-56AM
25.937,Wednesday-11-July-2018-10-40-09AM
25.937,Wednesday-11-July-2018-10-40-21AM
25.937,Wednesday-11-July-2018-10-40-32AM
25.937,Wednesday-11-July-2018-10-40-42AM
25.875,Wednesday-11-July-2018-10-40-56AM
25.875,Wednesday-11-July-2018-10-41-06AM
25.875,Wednesday-11-July-2018-10-41-18AM
25.812,Wednesday-11-July-2018-10-41-31AM
25.875,Wednesday-11-July-2018-10-41-43AM
25.812,Wednesday-11-July-2018-10-41-55AM
25.812,Wednesday-11-July-2018-10-42-06AM
25.812,Wednesday-11-July-2018-10-42-19AM
25.812,Wednesday-11-July-2018-10-42-33AM
25.812,Wednesday-11-July-2018-10-42-47AM
25.812,Wednesday-11-July-2018-10-42-58AM
25.75,Wednesday-11-July-2018-10-43-09AM
25.812,Wednesday-11-July-2018-10-43-21AM
25.812,Wednesday-11-July-2018-10-43-34AM
25.75,Wednesday-11-July-2018-10-43-46AM
25.75,Wednesday-11-July-2018-10-43-57AM
25.75,Wednesday-11-July-2018-10-44-09AM
25.75,Wednesday-11-July-2018-10-44-23AM
25.75,Wednesday-11-July-2018-10-44-35AM
25.687,Wednesday-11-July-2018-10-44-51AM
25.687,Wednesday-11-July-2018-10-45-01AM
25.687,Wednesday-11-July-2018-10-45-11AM
25.687,Wednesday-11-July-2018-10-45-23AM
25.687,Wednesday-11-July-2018-10-45-35AM
25.687,Wednesday-11-July-2018-10-45-47AM
25.687,Wednesday-11-July-2018-10-45-59AM
25.687,Wednesday-11-July-2018-10-46-14AM
25.687,Wednesday-11-July-2018-10-46-28AM
25.687,Wednesday-11-July-2018-10-46-42AM
25.687,Wednesday-11-July-2018-10-46-58AM
25.687,Wednesday-11-July-2018-10-47-09AM
25.187,Friday-13-July-2018-10-19-32AM
25.25,Friday-13-July-2018-10-19-47AM
25.312,Friday-13-July-2018-10-19-59AM
25.312,Friday-13-July-2018-10-20-13AM
25.312,Friday-13-July-2018-10-20-26AM
25.312,Friday-13-July-2018-10-20-40AM
25.312,Friday-13-July-2018-10-20-53AM
25.312,Friday-13-July-2018-10-21-10AM
25.375,Friday-13-July-2018-10-21-24AM
25.312,Friday-13-July-2018-10-21-41AM
25.375,Friday-13-July-2018-10-21-56AM
25.375,Friday-13-July-2018-10-22-08AM
25.375,Friday-13-July-2018-10-22-22AM
25.375,Friday-13-July-2018-10-22-33AM
25.375,Friday-13-July-2018-10-22-44AM
25.375,Friday-13-July-2018-10-22-57AM
25.375,Friday-13-July-2018-10-23-10AM
25.375,Friday-13-July-2018-10-23-20AM
25.375,Friday-13-July-2018-10-23-31AM
25.375,Friday-13-July-2018-10-23-43AM
25.437,Friday-13-July-2018-10-23-54AM
25.437,Friday-13-July-2018-10-24-06AM
25.437,Friday-13-July-2018-10-24-17AM
25.437,Friday-13-July-2018-10-24-29AM
25.437,Friday-13-July-2018-10-24-42AM
25.437,Friday-13-July-2018-10-24-56AM
25.5,Friday-13-July-2018-10-25-08AM
25.437,Friday-13-July-2018-10-25-18AM
25.5,Friday-13-July-2018-10-25-31AM
25.5,Friday-13-July-2018-10-25-47AM
25.5,Friday-13-July-2018-10-25-57AM
25.5,Friday-13-July-2018-10-26-09AM
25.5,Friday-13-July-2018-10-26-21AM
25.5,Friday-13-July-2018-10-26-32AM
25.5,Friday-13-July-2018-10-26-48AM
25.5,Friday-13-July-2018-10-27-03AM
25.5,Friday-13-July-2018-10-27-14AM
25.5,Friday-13-July-2018-10-27-25AM
25.5,Friday-13-July-2018-10-27-36AM
25.437,Friday-13-July-2018-10-27-47AM
25.5,Friday-13-July-2018-10-27-57AM
25.5,Friday-13-July-2018-10-28-09AM
25.5,Friday-13-July-2018-10-28-19AM
25.5,Friday-13-July-2018-10-28-29AM
25.5,Friday-13-July-2018-10-28-41AM
25.5,Friday-13-July-2018-10-28-54AM
25.5,Friday-13-July-2018-10-29-04AM
25.5,Friday-13-July-2018-10-29-16AM
25.5,Friday-13-July-2018-10-29-28AM
25.5,Friday-13-July-2018-10-29-38AM
25.5,Friday-13-July-2018-10-29-48AM
25.5,Friday-13-July-2018-10-30-01AM
25.5,Friday-13-July-2018-10-30-13AM
25.5,Friday-13-July-2018-10-30-23AM
25.5,Friday-13-July-2018-10-30-35AM
25.5,Friday-13-July-2018-10-30-48AM
25.5,Friday-13-July-2018-10-31-00AM
25.5,Friday-13-July-2018-10-31-11AM
25.562,Friday-13-July-2018-10-31-24AM
25.5,Friday-13-July-2018-10-31-37AM
25.5,Friday-13-July-2018-10-31-48AM
25.5,Friday-13-July-2018-10-31-58AM
25.5,Friday-13-July-2018-10-32-11AM
25.562,Friday-13-July-2018-10-32-24AM
25.5,Friday-13-July-2018-10-32-37AM
25.5,Friday-13-July-2018-10-32-48AM
25.5,Friday-13-July-2018-10-32-58AM
25.562,Friday-13-July-2018-10-33-12AM
25.562,Friday-13-July-2018-10-33-22AM
25.5,Friday-13-July-2018-10-33-33AM
25.562,Friday-13-July-2018-10-33-47AM
25.5,Friday-13-July-2018-10-33-57AM
25.562,Friday-13-July-2018-10-34-08AM
25.562,Friday-13-July-2018-10-34-18AM
25.562,Friday-13-July-2018-10-34-31AM
25.5,Friday-13-July-2018-10-34-43AM
25.5,Friday-13-July-2018-10-34-53AM
25.5,Friday-13-July-2018-10-35-08AM
25.562,Friday-13-July-2018-10-35-19AM
25.562,Friday-13-July-2018-10-35-30AM
25.562,Friday-13-July-2018-10-35-42AM
25.562,Friday-13-July-2018-10-35-55AM
25.5,Friday-13-July-2018-10-36-07AM
25.562,Friday-13-July-2018-10-36-19AM
25.562,Friday-13-July-2018-10-36-30AM
25.562,Friday-13-July-2018-10-36-41AM
25.5,Friday-13-July-2018-10-36-53AM
25.562,Friday-13-July-2018-10-37-07AM
25.562,Friday-13-July-2018-10-37-17AM
25.562,Friday-13-July-2018-10-37-30AM
25.562,Friday-13-July-2018-10-37-43AM
25.562,Friday-13-July-2018-10-37-54AM
25.5,Friday-13-July-2018-10-38-06AM
25.562,Friday-13-July-2018-10-38-17AM
25.562,Friday-13-July-2018-10-38-30AM
25.562,Friday-13-July-2018-10-38-40AM
25.562,Friday-13-July-2018-10-38-54AM
25.562,Friday-13-July-2018-10-39-05AM
25.562,Friday-13-July-2018-10-39-16AM
25.562,Friday-13-July-2018-10-39-27AM
25.562,Friday-13-July-2018-10-39-37AM
25.562,Friday-13-July-2018-10-39-47AM
25.562,Friday-13-July-2018-10-40-00AM
25.562,Friday-13-July-2018-10-40-10AM
25.562,Friday-13-July-2018-10-40-21AM
25.562,Friday-13-July-2018-10-40-32AM
25.562,Friday-13-July-2018-10-40-43AM
25.562,Friday-13-July-2018-10-40-55AM
25.562,Friday-13-July-2018-10-41-06AM
25.562,Friday-13-July-2018-10-41-17AM
25.562,Friday-13-July-2018-10-41-29AM
25.562,Friday-13-July-2018-10-41-39AM
25.562,Friday-13-July-2018-10-41-51AM
25.562,Friday-13-July-2018-10-42-03AM
25.562,Friday-13-July-2018-10-42-12AM
25.562,Friday-13-July-2018-10-42-24AM
25.562,Friday-13-July-2018-10-42-36AM
25.562,Friday-13-July-2018-10-42-47AM
25.562,Friday-13-July-2018-10-42-58AM
25.562,Friday-13-July-2018-10-43-10AM
25.562,Friday-13-July-2018-10-43-21AM
25.562,Friday-13-July-2018-10-43-33AM
25.562,Friday-13-July-2018-10-43-45AM
25.562,Friday-13-July-2018-10-43-55AM
25.562,Friday-13-July-2018-10-44-05AM
25.562,Friday-13-July-2018-10-44-15AM
25.625,Friday-13-July-2018-10-44-25AM
25.562,Friday-13-July-2018-10-44-37AM
25.562,Friday-13-July-2018-10-44-49AM
25.562,Friday-13-July-2018-10-45-00AM
25.562,Friday-13-July-2018-10-45-13AM
25.625,Friday-13-July-2018-10-45-24AM
25.625,Friday-13-July-2018-10-45-34AM
25.625,Friday-13-July-2018-10-45-44AM
25.625,Friday-13-July-2018-10-45-54AM
25.625,Friday-13-July-2018-10-46-05AM
25.625,Friday-13-July-2018-10-46-15AM
25.625,Friday-13-July-2018-10-46-27AM
25.625,Friday-13-July-2018-10-46-38AM
25.625,Friday-13-July-2018-10-46-50AM
25.625,Friday-13-July-2018-10-47-03AM
25.625,Friday-13-July-2018-10-47-14AM
25.625,Friday-13-July-2018-10-47-26AM
25.625,Friday-13-July-2018-10-47-37AM
25.625,Friday-13-July-2018-10-47-48AM
25.625,Friday-13-July-2018-10-47-59AM
25.625,Friday-13-July-2018-10-48-11AM
25.625,Friday-13-July-2018-10-48-24AM
25.625,Friday-13-July-2018-10-48-34AM
25.625,Friday-13-July-2018-10-48-48AM
25.562,Friday-13-July-2018-10-49-00AM
25.625,Friday-13-July-2018-10-49-10AM
25.625,Friday-13-July-2018-10-49-21AM
25.625,Friday-13-July-2018-10-49-32AM
25.625,Friday-13-July-2018-10-49-43AM
25.625,Friday-13-July-2018-10-49-55AM
25.625,Friday-13-July-2018-10-50-07AM
25.625,Friday-13-July-2018-10-50-17AM
25.562,Friday-13-July-2018-10-50-28AM
25.625,Friday-13-July-2018-10-50-39AM
25.625,Friday-13-July-2018-10-50-50AM
25.625,Friday-13-July-2018-10-51-03AM
25.625,Friday-13-July-2018-10-51-14AM
25.625,Friday-13-July-2018-10-51-24AM
25.687,Friday-13-July-2018-10-51-34AM
25.625,Friday-13-July-2018-10-51-44AM
25.687,Friday-13-July-2018-10-51-55AM
25.625,Friday-13-July-2018-10-52-05AM
25.687,Friday-13-July-2018-10-52-17AM
25.687,Friday-13-July-2018-10-52-27AM
25.687,Friday-13-July-2018-10-52-39AM
25.687,Friday-13-July-2018-10-52-51AM
25.687,Friday-13-July-2018-10-53-02AM
25.687,Friday-13-July-2018-10-53-12AM
25.687,Friday-13-July-2018-10-53-25AM
25.687,Friday-13-July-2018-10-53-35AM
25.687,Friday-13-July-2018-10-53-46AM
25.75,Friday-13-July-2018-10-53-58AM
25.687,Friday-13-July-2018-10-54-09AM
25.687,Friday-13-July-2018-10-54-19AM
25.687,Friday-13-July-2018-10-54-30AM
25.75,Friday-13-July-2018-10-54-41AM
25.687,Friday-13-July-2018-10-54-54AM
25.75,Friday-13-July-2018-10-55-07AM
25.687,Friday-13-July-2018-10-55-19AM
25.75,Friday-13-July-2018-10-55-31AM
26.5,Friday-13-July-2018-05-16-43PM
26.5,Friday-13-July-2018-05-16-54PM
26.5,Friday-13-July-2018-05-17-05PM
26.562,Friday-13-July-2018-05-17-17PM
26.562,Friday-13-July-2018-05-17-30PM
26.562,Friday-13-July-2018-05-17-46PM
26.562,Friday-13-July-2018-05-18-00PM
26.562,Friday-13-July-2018-05-18-12PM
26.562,Friday-13-July-2018-05-18-24PM
26.562,Friday-13-July-2018-05-18-36PM
26.625,Friday-13-July-2018-05-18-47PM
26.562,Friday-13-July-2018-05-18-59PM
26.562,Friday-13-July-2018-05-19-14PM
26.562,Friday-13-July-2018-05-19-26PM
26.625,Friday-13-July-2018-05-19-38PM
26.625,Friday-13-July-2018-05-19-51PM
26.625,Friday-13-July-2018-05-20-04PM
26.625,Friday-13-July-2018-05-20-16PM
26.625,Friday-13-July-2018-05-20-30PM
26.562,Friday-13-July-2018-05-20-41PM
26.625,Friday-13-July-2018-05-20-51PM
26.562,Friday-13-July-2018-05-21-06PM
26.625,Friday-13-July-2018-05-21-16PM
26.625,Friday-13-July-2018-05-21-27PM
26.625,Friday-13-July-2018-05-21-40PM
26.625,Friday-13-July-2018-05-21-52PM
26.625,Friday-13-July-2018-05-22-05PM
26.625,Friday-13-July-2018-05-22-17PM
26.625,Friday-13-July-2018-05-22-30PM
26.625,Friday-13-July-2018-05-22-47PM
26.625,Friday-13-July-2018-05-22-58PM
26.687,Friday-13-July-2018-05-23-09PM
26.625,Friday-13-July-2018-05-23-27PM
26.625,Friday-13-July-2018-05-23-45PM
26.625,Friday-13-July-2018-05-23-59PM
26.625,Friday-13-July-2018-05-24-11PM
26.625,Friday-13-July-2018-05-24-28PM
26.625,Friday-13-July-2018-05-24-38PM
26.625,Friday-13-July-2018-05-24-51PM
26.625,Friday-13-July-2018-05-25-05PM
26.625,Friday-13-July-2018-05-25-16PM
26.625,Friday-13-July-2018-05-25-26PM
26.625,Friday-13-July-2018-05-25-39PM
26.625,Friday-13-July-2018-05-25-52PM
26.625,Friday-13-July-2018-05-26-04PM
26.625,Friday-13-July-2018-05-26-18PM
26.625,Friday-13-July-2018-05-26-34PM
26.625,Friday-13-July-2018-05-26-47PM
26.625,Friday-13-July-2018-05-27-01PM
26.625,Friday-13-July-2018-05-27-14PM
26.562,Friday-13-July-2018-05-27-26PM
26.625,Friday-13-July-2018-05-27-37PM
26.625,Friday-13-July-2018-05-27-49PM
26.062,Friday-13-July-2018-06-20-47PM
26.125,Friday-13-July-2018-06-20-57PM
26.125,Friday-13-July-2018-06-21-07PM
26.062,Friday-13-July-2018-06-22-31PM
26.125,Friday-13-July-2018-06-22-40PM
26.125,Friday-13-July-2018-06-22-50PM
26.125,Friday-13-July-2018-06-24-19PM
26.187,Friday-13-July-2018-06-24-28PM
26.187,Friday-13-July-2018-06-24-38PM
26.187,Friday-13-July-2018-06-24-48PM
26.187,Friday-13-July-2018-06-24-57PM
26.187,Friday-13-July-2018-06-25-07PM
26.25,Friday-13-July-2018-06-25-17PM
26.187,Friday-13-July-2018-06-25-27PM
26.25,Friday-13-July-2018-06-25-36PM
26.25,Friday-13-July-2018-06-25-46PM
26.25,Friday-13-July-2018-06-26-20PM
26.25,Friday-13-July-2018-06-26-30PM
26.25,Friday-13-July-2018-06-26-40PM
26.25,Friday-13-July-2018-06-26-49PM
26.25,Friday-13-July-2018-06-26-59PM
26.25,Friday-13-July-2018-06-27-09PM
26.187,Friday-13-July-2018-06-30-53PM
26.187,Friday-13-July-2018-06-31-57PM
26.125,Friday-13-July-2018-06-34-07PM
26.187,Friday-13-July-2018-06-34-19PM
26.187,Friday-13-July-2018-06-34-32PM
26.187,Friday-13-July-2018-06-34-43PM
26.187,Friday-13-July-2018-06-34-54PM
26.062,Friday-13-July-2018-06-40-28PM
26.125,Friday-13-July-2018-06-40-41PM
26.062,Friday-13-July-2018-06-42-52PM
26.062,Friday-13-July-2018-06-43-03PM
26.062,Friday-13-July-2018-06-43-13PM
26.062,Friday-13-July-2018-06-43-30PM
26.125,Friday-13-July-2018-06-43-40PM
26.062,Friday-13-July-2018-06-43-52PM
26.125,Friday-13-July-2018-06-44-05PM
26.125,Friday-13-July-2018-06-44-17PM
26.062,Friday-13-July-2018-06-44-27PM
26.125,Friday-13-July-2018-06-44-40PM
26.062,Friday-13-July-2018-06-45-07PM
26.125,Friday-13-July-2018-06-45-19PM
26.125,Friday-13-July-2018-06-45-30PM
26.062,Friday-13-July-2018-06-45-41PM
26.125,Friday-13-July-2018-06-45-52PM
26.125,Friday-13-July-2018-06-46-03PM
26.125,Friday-13-July-2018-06-46-17PM
26.062,Friday-13-July-2018-06-46-55PM
26.062,Friday-13-July-2018-06-47-07PM
26.062,Friday-13-July-2018-06-47-18PM
26.062,Friday-13-July-2018-06-47-29PM
26.125,Friday-13-July-2018-06-47-42PM
28.312,Friday-13-July-2018-06-47-55PM
27.937,Friday-13-July-2018-06-48-07PM
27.5,Friday-13-July-2018-06-48-19PM
27.0,Friday-13-July-2018-06-52-11PM
27.062,Friday-13-July-2018-06-53-59PM
27.062,Friday-13-July-2018-06-54-09PM
27.0,Friday-13-July-2018-06-54-18PM
27.125,Friday-13-July-2018-06-55-44PM
29.125,Friday-13-July-2018-06-55-54PM
29.937,Friday-13-July-2018-06-56-06PM
28.562,Friday-13-July-2018-06-56-25PM
28.25,Friday-13-July-2018-06-56-36PM
28.75,Friday-13-July-2018-06-56-47PM
28.312,Friday-13-July-2018-06-56-59PM
28.062,Friday-13-July-2018-06-57-10PM
27.937,Friday-13-July-2018-06-57-22PM
28.5,Friday-13-July-2018-06-57-33PM
27.937,Friday-13-July-2018-06-57-46PM
27.75,Friday-13-July-2018-06-57-58PM
27.625,Friday-13-July-2018-06-58-12PM
27.5,Friday-13-July-2018-06-58-25PM
27.375,Friday-13-July-2018-06-58-37PM
28.437,Friday-13-July-2018-06-58-48PM
27.875,Friday-13-July-2018-06-59-01PM
27.625,Friday-13-July-2018-06-59-14PM
27.5,Friday-13-July-2018-06-59-24PM
28.687,Friday-13-July-2018-06-59-59PM
27.812,Friday-13-July-2018-07-00-12PM
27.5,Friday-13-July-2018-07-00-26PM
27.312,Friday-13-July-2018-07-00-40PM
27.25,Friday-13-July-2018-07-00-51PM
27.125,Friday-13-July-2018-07-01-05PM
27.062,Friday-13-July-2018-07-01-18PM
27.0,Friday-13-July-2018-07-01-31PM
26.875,Friday-13-July-2018-07-01-50PM
26.875,Friday-13-July-2018-07-02-00PM
26.812,Friday-13-July-2018-07-02-10PM
26.75,Friday-13-July-2018-07-02-23PM
26.687,Friday-13-July-2018-07-02-33PM
26.375,Friday-13-July-2018-07-04-46PM
26.375,Friday-13-July-2018-07-05-01PM
28.312,Friday-13-July-2018-07-05-13PM
27.625,Friday-13-July-2018-07-05-25PM
27.875,Friday-13-July-2018-07-05-39PM
29.062,Friday-13-July-2018-07-05-49PM
28.062,Friday-13-July-2018-07-06-01PM
27.625,Friday-13-July-2018-07-06-13PM
27.437,Friday-13-July-2018-07-06-26PM
27.312,Friday-13-July-2018-07-06-38PM
27.187,Friday-13-July-2018-07-06-48PM
27.125,Friday-13-July-2018-07-06-59PM
27.062,Friday-13-July-2018-07-07-13PM
27.0,Friday-13-July-2018-07-07-23PM
26.937,Friday-13-July-2018-07-07-34PM
26.937,Friday-13-July-2018-07-07-48PM
26.812,Friday-13-July-2018-07-08-00PM
26.812,Friday-13-July-2018-07-08-13PM
26.75,Friday-13-July-2018-07-08-28PM
26.75,Friday-13-July-2018-07-08-41PM
26.687,Friday-13-July-2018-07-08-52PM
26.687,Friday-13-July-2018-07-09-03PM
26.625,Friday-13-July-2018-07-09-14PM
26.625,Friday-13-July-2018-07-09-27PM
26.562,Friday-13-July-2018-07-09-41PM
26.562,Friday-13-July-2018-07-09-54PM
26.562,Friday-13-July-2018-07-10-05PM
26.5,Friday-13-July-2018-07-10-21PM
26.5,Friday-13-July-2018-07-10-34PM
26.5,Friday-13-July-2018-07-10-45PM
26.5,Friday-13-July-2018-07-10-59PM
26.437,Friday-13-July-2018-07-11-10PM
26.437,Friday-13-July-2018-07-11-22PM
26.437,Friday-13-July-2018-07-11-34PM
26.437,Friday-13-July-2018-07-11-45PM
26.437,Friday-13-July-2018-07-11-57PM
26.375,Friday-13-July-2018-07-12-10PM
26.375,Friday-13-July-2018-07-12-24PM
26.375,Friday-13-July-2018-07-12-36PM
26.312,Friday-13-July-2018-07-12-49PM
26.312,Friday-13-July-2018-07-13-00PM
26.312,Friday-13-July-2018-07-13-13PM
26.312,Friday-13-July-2018-07-13-25PM
26.312,Friday-13-July-2018-07-13-38PM
26.312,Friday-13-July-2018-07-13-52PM
26.25,Friday-13-July-2018-07-14-46PM
26.25,Friday-13-July-2018-07-14-57PM
26.25,Friday-13-July-2018-07-15-10PM
26.25,Friday-13-July-2018-07-15-22PM
26.25,Friday-13-July-2018-07-15-33PM
26.25,Friday-13-July-2018-07-15-44PM
26.187,Friday-13-July-2018-07-15-56PM
26.187,Friday-13-July-2018-07-16-06PM
26.25,Friday-13-July-2018-07-16-18PM
26.187,Friday-13-July-2018-07-16-29PM
26.187,Friday-13-July-2018-07-16-41PM
26.187,Friday-13-July-2018-07-16-54PM
26.187,Friday-13-July-2018-07-17-07PM
26.187,Friday-13-July-2018-07-17-23PM
26.187,Friday-13-July-2018-07-17-35PM
26.187,Friday-13-July-2018-07-17-49PM
26.187,Friday-13-July-2018-07-18-02PM
26.187,Friday-13-July-2018-07-18-13PM
26.187,Friday-13-July-2018-07-18-27PM
26.187,Friday-13-July-2018-07-18-40PM
26.187,Friday-13-July-2018-07-18-52PM
26.187,Friday-13-July-2018-07-19-06PM
26.187,Friday-13-July-2018-07-19-18PM
26.187,Friday-13-July-2018-07-19-28PM
26.187,Friday-13-July-2018-07-19-39PM
26.187,Friday-13-July-2018-07-19-49PM
26.187,Friday-13-July-2018-07-20-03PM
26.125,Friday-13-July-2018-07-20-13PM
26.187,Friday-13-July-2018-07-20-25PM
26.187,Friday-13-July-2018-07-20-36PM
26.187,Friday-13-July-2018-07-20-46PM
26.187,Friday-13-July-2018-07-20-58PM
26.125,Friday-13-July-2018-07-21-10PM
26.125,Friday-13-July-2018-07-21-20PM
26.187,Friday-13-July-2018-07-21-34PM
26.187,Friday-13-July-2018-07-21-46PM
26.187,Friday-13-July-2018-07-21-56PM
26.125,Friday-13-July-2018-07-22-07PM
26.187,Friday-13-July-2018-07-22-19PM
26.125,Friday-13-July-2018-07-22-30PM
26.187,Friday-13-July-2018-07-22-42PM
26.187,Friday-13-July-2018-07-22-52PM
26.125,Friday-13-July-2018-07-23-05PM
26.125,Friday-13-July-2018-07-23-18PM
26.125,Friday-13-July-2018-07-23-30PM
26.125,Friday-13-July-2018-07-23-42PM
26.125,Friday-13-July-2018-07-23-54PM
26.125,Friday-13-July-2018-07-24-08PM
26.125,Friday-13-July-2018-07-24-19PM
26.125,Friday-13-July-2018-07-24-29PM
26.125,Friday-13-July-2018-07-24-41PM
26.125,Friday-13-July-2018-07-24-53PM
26.125,Friday-13-July-2018-07-25-06PM
26.125,Friday-13-July-2018-07-25-17PM
26.125,Friday-13-July-2018-07-25-27PM
26.125,Friday-13-July-2018-07-25-40PM
26.125,Friday-13-July-2018-07-25-50PM
26.125,Friday-13-July-2018-07-26-01PM
26.125,Friday-13-July-2018-07-26-12PM
26.125,Friday-13-July-2018-07-26-26PM
26.125,Friday-13-July-2018-07-26-37PM
26.125,Friday-13-July-2018-07-26-48PM
26.125,Friday-13-July-2018-07-26-59PM
26.125,Friday-13-July-2018-07-27-12PM
26.125,Friday-13-July-2018-07-27-24PM
26.125,Friday-13-July-2018-07-27-36PM
26.125,Friday-13-July-2018-07-27-49PM
26.125,Friday-13-July-2018-07-28-01PM
26.125,Friday-13-July-2018-07-28-14PM
26.125,Friday-13-July-2018-07-28-25PM
26.062,Friday-13-July-2018-07-28-37PM
26.062,Friday-13-July-2018-07-28-47PM
26.062,Friday-13-July-2018-07-29-00PM
26.062,Friday-13-July-2018-07-29-12PM
26.062,Friday-13-July-2018-07-29-24PM
26.062,Friday-13-July-2018-07-29-34PM
26.125,Friday-13-July-2018-07-29-46PM
26.062,Friday-13-July-2018-07-29-55PM
26.062,Friday-13-July-2018-07-30-06PM
26.062,Friday-13-July-2018-07-30-17PM
26.062,Friday-13-July-2018-07-30-28PM
26.062,Friday-13-July-2018-07-30-38PM
26.062,Friday-13-July-2018-07-30-51PM
26.062,Friday-13-July-2018-07-31-03PM
25.312,Monday-16-July-2018-10-35-13AM
25.562,Monday-16-July-2018-10-35-23AM
27.312,Monday-16-July-2018-10-35-35AM
26.5,Monday-16-July-2018-10-35-49AM
26.25,Monday-16-July-2018-10-36-08AM
26.125,Monday-16-July-2018-10-36-21AM
26.062,Monday-16-July-2018-10-36-32AM
26.0,Monday-16-July-2018-10-36-45AM
26.0,Monday-16-July-2018-10-37-00AM
25.937,Monday-16-July-2018-10-37-15AM
25.875,Monday-16-July-2018-10-37-26AM
25.812,Monday-16-July-2018-10-37-57AM
26.562,Monday-16-July-2018-10-38-10AM
26.187,Monday-16-July-2018-10-38-25AM
26.062,Monday-16-July-2018-10-38-36AM
26.0,Monday-16-July-2018-10-38-47AM
26.0,Monday-16-July-2018-10-39-00AM
25.937,Monday-16-July-2018-10-39-11AM
25.875,Monday-16-July-2018-10-39-24AM
25.875,Monday-16-July-2018-10-39-35AM
25.812,Monday-16-July-2018-10-39-47AM
25.812,Monday-16-July-2018-10-39-58AM
25.812,Monday-16-July-2018-10-40-11AM
25.812,Monday-16-July-2018-10-40-23AM
25.812,Monday-16-July-2018-10-40-35AM
25.812,Monday-16-July-2018-10-40-47AM
25.75,Monday-16-July-2018-10-40-58AM
25.75,Monday-16-July-2018-10-41-11AM
25.75,Monday-16-July-2018-10-41-25AM
25.75,Monday-16-July-2018-10-41-36AM
25.687,Monday-16-July-2018-10-41-49AM
25.687,Monday-16-July-2018-10-42-00AM
25.687,Monday-16-July-2018-10-42-14AM
25.687,Monday-16-July-2018-10-42-29AM
25.687,Monday-16-July-2018-10-42-42AM
25.687,Monday-16-July-2018-10-42-57AM
25.687,Monday-16-July-2018-10-43-08AM
25.687,Monday-16-July-2018-10-43-20AM
25.625,Monday-16-July-2018-10-43-32AM
25.625,Monday-16-July-2018-10-43-43AM
25.687,Monday-16-July-2018-10-43-54AM
25.687,Monday-16-July-2018-10-44-05AM
25.687,Monday-16-July-2018-10-44-18AM
25.625,Monday-16-July-2018-10-44-31AM
25.625,Monday-16-July-2018-10-44-46AM
25.625,Monday-16-July-2018-10-44-57AM
25.625,Monday-16-July-2018-10-45-10AM
25.625,Monday-16-July-2018-10-45-23AM
25.625,Monday-16-July-2018-10-45-34AM
25.625,Monday-16-July-2018-10-45-47AM
25.625,Monday-16-July-2018-10-45-59AM
25.625,Monday-16-July-2018-10-46-09AM
25.625,Monday-16-July-2018-10-46-22AM
25.625,Monday-16-July-2018-10-46-34AM
25.625,Monday-16-July-2018-10-46-44AM
25.625,Monday-16-July-2018-10-46-55AM
25.625,Monday-16-July-2018-10-47-09AM
